// AUTO-GENERATED BY tools/generate_inter_assets.py — DO NOT HAND EDIT
// Source: Inter Font (SIL Open Font License 1.1 by Rasmus Andersson)
#ifndef THIRD_PARTY_FONTS_INTER_FONT_DATA_HPP
#define THIRD_PARTY_FONTS_INTER_FONT_DATA_HPP

#include "bos/font.hpp"

namespace bos { namespace font_data {

static const uint8_t g_inter_reg13_alpha[6248] = {
    0xC7, 0x82, 0xC4, 0x7F, 0xC1, 0x7C, 0xBE, 0x79, 0xBB, 0x76, 0xB8, 0x73, 0xB5, 0x71, 0x00, 0x00,
    0x00, 0x00, 0xA2, 0x68, 0xC6, 0x84, 0xA8, 0x8A, 0x80, 0xB2, 0x9F, 0x81, 0x77, 0xA9, 0x96, 0x78,
    0x6E, 0xA0, 0x8D, 0x70, 0x65, 0x98, 0x00, 0x00, 0x53, 0xA1, 0x00, 0x04, 0xEF, 0x00, 0x00, 0x00,
    0x77, 0x7D, 0x00, 0x24, 0xD1, 0x00, 0x00, 0x00, 0x9A, 0x59, 0x00, 0x49, 0xAD, 0x00, 0x22, 0xFF,
    0xFF, 0xFF, 0xFF, 0xFF, 0xFF, 0xEF, 0x06, 0x20, 0xE7, 0x2F, 0x20, 0xA0, 0x77, 0x1B, 0x00, 0x06,
    0xEF, 0x00, 0x00, 0xB1, 0x44, 0x00, 0x00, 0x26, 0xD1, 0x00, 0x00, 0xD2, 0x22, 0x00, 0xAB, 0xF9,
    0xFE, 0xF8, 0xF8, 0xFF, 0xF8, 0x5F, 0x1E, 0x86, 0x96, 0x28, 0x43, 0xDD, 0x28, 0x0C, 0x00, 0x94,
    0x60, 0x00, 0x44, 0xB4, 0x00, 0x00, 0x00, 0xB9, 0x3A, 0x00, 0x69, 0x8E, 0x00, 0x00, 0x00, 0x00,
    0x00, 0x34, 0x8C, 0x00, 0x00, 0x00, 0x00, 0x07, 0x90, 0xF0, 0xFC, 0xD2, 0x43, 0x00, 0x00, 0x94,
    0xDD, 0x7B, 0xAB, 0x97, 0xF5, 0x1F, 0x00, 0xEF, 0x48, 0x34, 0x8C, 0x00, 0xAF, 0x58, 0x00, 0xEC,
    0x50, 0x34, 0x8C, 0x00, 0x00, 0x00, 0x00, 0x89, 0xF2, 0x9A, 0x8F, 0x00, 0x00, 0x00, 0x00, 0x01,
    0x6D, 0xDF, 0xFF, 0xC0, 0x35, 0x00, 0x00, 0x00, 0x00, 0x34, 0xB1, 0xAA, 0xF5, 0x2C, 0x00, 0x00,
    0x00, 0x34, 0x8C, 0x00, 0xB0, 0x8C, 0x26, 0xE3, 0x14, 0x34, 0x8C, 0x00, 0xAF, 0x8B, 0x02, 0xD4,
    0xBC, 0x66, 0xA3, 0x7D, 0xFB, 0x35, 0x00, 0x24, 0xB7, 0xF3, 0xFD, 0xD7, 0x55, 0x00, 0x00, 0x00,
    0x00, 0x34, 0x8C, 0x00, 0x00, 0x00, 0x00, 0x00, 0x00, 0x19, 0x43, 0x00, 0x00, 0x00, 0x08, 0xBE,
    0xF4, 0x6E, 0x00, 0x00, 0x00, 0x3C, 0xD3, 0x04, 0x00, 0x64, 0xB9, 0x38, 0xF3, 0x09, 0x00, 0x03,
    0xCF, 0x41, 0x00, 0x00, 0x89, 0x73, 0x00, 0xD0, 0x29, 0x00, 0x6A, 0xA9, 0x00, 0x00, 0x00, 0x6D,
    0xA1, 0x10, 0xF0, 0x0E, 0x13, 0xE2, 0x1D, 0x00, 0x00, 0x00, 0x13, 0xDF, 0xFE, 0x92, 0x00, 0x99,
    0x7A, 0x00, 0x00, 0x00, 0x00, 0x00, 0x07, 0x1D, 0x00, 0x32, 0xD9, 0x07, 0x00, 0x00, 0x00, 0x00,
    0x00, 0x00, 0x00, 0x01, 0xC5, 0x4C, 0x00, 0x9C, 0xEE, 0x88, 0x00, 0x00, 0x00, 0x00, 0x5F, 0xB5,
    0x00, 0x41, 0xD3, 0x37, 0xE3, 0x28, 0x00, 0x00, 0x0E, 0xE0, 0x24, 0x00, 0x65, 0x94, 0x00, 0xB0,
    0x4D, 0x00, 0x00, 0x8D, 0x86, 0x00, 0x00, 0x43, 0xCE, 0x2E, 0xE2, 0x2A, 0x00, 0x29, 0xDF, 0x0B,
    0x00, 0x00, 0x01, 0xA7, 0xF7, 0x92, 0x00, 0x00, 0x05, 0x9F, 0xF2, 0xDB, 0x34, 0x00, 0x00, 0x00,
    0x00, 0x63, 0xDA, 0x33, 0x76, 0xE2, 0x00, 0x00, 0x00, 0x00, 0x8C, 0xA9, 0x00, 0x37, 0xFD, 0x04,
    0x00, 0x00, 0x00, 0x58, 0xF4, 0x52, 0xDA, 0xAE, 0x00, 0x00, 0x00, 0x00, 0x01, 0xC4, 0xFF, 0xC8,
    0x0D, 0x00, 0x00, 0x00, 0x00, 0x27, 0xE2, 0xFD, 0x5C, 0x00, 0x00, 0x00, 0x00, 0x08, 0xD9, 0x91,
    0x59, 0xEE, 0x1D, 0x89, 0x93, 0x00, 0x3F, 0xF2, 0x04, 0x00, 0xA1, 0xBF, 0xBA, 0x72, 0x00, 0x48,
    0xE8, 0x01, 0x00, 0x0D, 0xDD, 0xFB, 0x22, 0x00, 0x0B, 0xE9, 0x8B, 0x2C, 0x5D, 0xEA, 0xF9, 0x2D,
    0x00, 0x00, 0x31, 0xC6, 0xF7, 0xD9, 0x6C, 0x8A, 0xCE, 0x05, 0xA8, 0x8A, 0x9F, 0x81, 0x96, 0x78,
    0x8D, 0x70, 0x00, 0x38, 0xEB, 0x05, 0x00, 0xA4, 0x91, 0x00, 0x02, 0xEF, 0x3C, 0x00, 0x30, 0xF8,
    0x07, 0x00, 0x66, 0xC5, 0x00, 0x00, 0x80, 0xA8, 0x00, 0x00, 0x94, 0x93, 0x00, 0x00, 0x90, 0x97,
    0x00, 0x00, 0x78, 0xB2, 0x00, 0x00, 0x48, 0xE4, 0x00, 0x00, 0x0C, 0xF6, 0x2E, 0x00, 0x00, 0xA9,
    0x86, 0x00, 0x00, 0x37, 0xE7, 0x04, 0x35, 0xEA, 0x0A, 0x00, 0x00, 0xD6, 0x60, 0x00, 0x00, 0x80,
    0xAD, 0x00, 0x00, 0x44, 0xEA, 0x00, 0x00, 0x0B, 0xFE, 0x22, 0x00, 0x00, 0xEC, 0x3C, 0x00, 0x00,
    0xD4, 0x53, 0x00, 0x00, 0xD8, 0x4F, 0x00, 0x01, 0xF2, 0x37, 0x00, 0x28, 0xFC, 0x0A, 0x00, 0x73,
    0xBF, 0x00, 0x00, 0xC9, 0x66, 0x00, 0x30, 0xEA, 0x09, 0x00, 0x00, 0x00, 0x30, 0xB3, 0x00, 0x00,
    0x12, 0x9E, 0x38, 0xAA, 0x4D, 0x75, 0x06, 0x75, 0xDF, 0xEF, 0xBF, 0x31, 0x01, 0x60, 0xDD, 0xF5,
    0xAD, 0x20, 0x17, 0xB2, 0x41, 0xAA, 0x5F, 0x84, 0x00, 0x00, 0x30, 0xB3, 0x00, 0x00, 0x00, 0x00,
    0x3C, 0xD8, 0x00, 0x00, 0x00, 0x00, 0x00, 0x3C, 0xD8, 0x00, 0x00, 0x00, 0x00, 0x00, 0x3C, 0xD8,
    0x00, 0x00, 0x00, 0xBD, 0xF8, 0xF9, 0xFE, 0xF8, 0xF8, 0x59, 0x1E, 0x28, 0x5A, 0xDE, 0x28, 0x28,
    0x0E, 0x00, 0x00, 0x3C, 0xD8, 0x00, 0x00, 0x00, 0x00, 0x00, 0x3C, 0xD8, 0x00, 0x00, 0x00, 0x00,
    0xB3, 0x8B, 0x00, 0xD7, 0x4C, 0x02, 0xF5, 0x10, 0x1E, 0xCF, 0x00, 0x13, 0xF8, 0xF8, 0xF8, 0xF8,
    0x0F, 0x03, 0x28, 0x28, 0x28, 0x28, 0x02, 0xA2, 0x6B, 0xC6, 0x87, 0x00, 0x00, 0x00, 0x5C, 0x2A,
    0x00, 0x00, 0x00, 0xE6, 0x25, 0x00, 0x00, 0x25, 0xE6, 0x00, 0x00, 0x00, 0x64, 0xA8, 0x00, 0x00,
    0x00, 0xA2, 0x6A, 0x00, 0x00, 0x00, 0xE0, 0x2B, 0x00, 0x00, 0x1E, 0xEC, 0x01, 0x00, 0x00, 0x5D,
    0xAE, 0x00, 0x00, 0x00, 0x9C, 0x70, 0x00, 0x00, 0x00, 0xDA, 0x32, 0x00, 0x00, 0x18, 0xF0, 0x02,
    0x00, 0x00, 0x57, 0xB5, 0x00, 0x00, 0x00, 0x95, 0x77, 0x00, 0x00, 0x00, 0x00, 0x00, 0x73, 0xE7,
    0xF1, 0x95, 0x06, 0x00, 0x00, 0x56, 0xEC, 0x49, 0x37, 0xD2, 0x89, 0x00, 0x00, 0xCA, 0x72, 0x00,
    0x00, 0x3E, 0xF5, 0x09, 0x0C, 0xFE, 0x24, 0x00, 0x00, 0x02, 0xED, 0x3F, 0x2B, 0xFF, 0x04, 0x00,
    0x00, 0x00, 0xD0, 0x5F, 0x35, 0xF4, 0x00, 0x00, 0x00, 0x00, 0xC1, 0x69, 0x2C, 0xFE, 0x04, 0x00,
    0x00, 0x00, 0xD0, 0x5F, 0x0E, 0xFF, 0x22, 0x00, 0x00, 0x02, 0xED, 0x3F, 0x00, 0xCF, 0x70, 0x00,
    0x00, 0x3C, 0xF6, 0x0A, 0x00, 0x5C, 0xEB, 0x48, 0x36, 0xD1, 0x8C, 0x00, 0x00, 0x00, 0x77, 0xE9,
    0xF2, 0x98, 0x07, 0x00, 0x00, 0x14, 0xCB, 0xFF, 0x24, 0x1C, 0xD8, 0xC4, 0xFF, 0x24, 0x64, 0x9C,
    0x11, 0xFF, 0x24, 0x14, 0x00, 0x0C, 0xFF, 0x24, 0x00, 0x00, 0x0C, 0xFF, 0x24, 0x00, 0x00, 0x0C,
    0xFF, 0x24, 0x00, 0x00, 0x0C, 0xFF, 0x24, 0x00, 0x00, 0x0C, 0xFF, 0x24, 0x00, 0x00, 0x0C, 0xFF,
    0x24, 0x00, 0x00, 0x0C, 0xFF, 0x24, 0x00, 0x00, 0x0C, 0xFF, 0x24, 0x00, 0x07, 0x94, 0xF0, 0xEA,
    0x7D, 0x01, 0x00, 0x8B, 0xCF, 0x38, 0x45, 0xE0, 0x68, 0x00, 0xE8, 0x47, 0x00, 0x00, 0x64, 0xC4,
    0x00, 0x37, 0x09, 0x00, 0x00, 0x64, 0xC6, 0x00, 0x00, 0x00, 0x00, 0x00, 0xC4, 0x8B, 0x00, 0x00,
    0x00, 0x00, 0x6C, 0xED, 0x16, 0x00, 0x00, 0x00, 0x36, 0xF8, 0x52, 0x00, 0x00, 0x00, 0x15, 0xE2,
    0x89, 0x00, 0x00, 0x00, 0x03, 0xBD, 0xBA, 0x03, 0x00, 0x00, 0x00, 0x8A, 0xEB, 0x32, 0x20, 0x20,
    0x20, 0x03, 0xFF, 0xFF, 0xFF, 0xFF, 0xFF, 0xFF, 0x00, 0x07, 0x8F, 0xEC, 0xF1, 0x95, 0x06, 0x00,
    0x00, 0x93, 0xD6, 0x43, 0x3B, 0xD9, 0x82, 0x00, 0x00, 0xDB, 0x44, 0x00, 0x00, 0x5C, 0xD7, 0x00,
    0x00, 0x00, 0x00, 0x00, 0x00, 0x58, 0xD7, 0x00, 0x00, 0x00, 0x00, 0x00, 0x1E, 0xCE, 0x81, 0x00,
    0x00, 0x00, 0x00, 0xE1, 0xFF, 0xC1, 0x09, 0x00, 0x00, 0x00, 0x00, 0x24, 0x41, 0xBF, 0xB8, 0x00,
    0x00, 0x00, 0x00, 0x00, 0x00, 0x12, 0xFE, 0x29, 0x1A, 0xBC, 0x15, 0x00, 0x00, 0x0C, 0xFC, 0x30,
    0x02, 0xD2, 0xB5, 0x35, 0x34, 0xB2, 0xD2, 0x02, 0x00, 0x1C, 0xAB, 0xF2, 0xF2, 0xAD, 0x1B, 0x00,
    0x00, 0x00, 0x00, 0x00, 0x5A, 0xFF, 0x5C, 0x00, 0x00, 0x00, 0x00, 0x03, 0xD9, 0xFB, 0x5C, 0x00,
    0x00, 0x00, 0x00, 0x60, 0xCF, 0xC9, 0x5C, 0x00, 0x00, 0x00, 0x05, 0xDE, 0x4F, 0xC8, 0x5C, 0x00,
    0x00, 0x00, 0x67, 0xCE, 0x00, 0xC8, 0x5C, 0x00, 0x00, 0x07, 0xE2, 0x4D, 0x00, 0xC8, 0x5C, 0x00,
    0x00, 0x6D, 0xCC, 0x00, 0x00, 0xC8, 0x5C, 0x00, 0x09, 0xE6, 0x4C, 0x00, 0x00, 0xC8, 0x5C, 0x00,
    0x3B, 0xFF, 0xFF, 0xFF, 0xFF, 0xFF, 0xFF, 0xA8, 0x0B, 0x30, 0x30, 0x30, 0x30, 0xD2, 0x7A, 0x1F,
    0x00, 0x00, 0x00, 0x00, 0x00, 0xC8, 0x5C, 0x00, 0x00, 0x89, 0xFF, 0xFF, 0xFF, 0xFF, 0x80, 0x00,
    0xA3, 0x8D, 0x20, 0x20, 0x20, 0x10, 0x00, 0xBD, 0x66, 0x00, 0x00, 0x00, 0x00, 0x00, 0xD7, 0x4E,
    0x00, 0x00, 0x00, 0x00, 0x00, 0xF1, 0xAD, 0xE3, 0xE0, 0x71, 0x00, 0x02, 0xA7, 0x82, 0x35, 0x61,
    0xF9, 0x61, 0x00, 0x00, 0x00, 0x00, 0x00, 0x7B, 0xCA, 0x00, 0x00, 0x00, 0x00, 0x00, 0x49, 0xE9,
    0x18, 0xC3, 0x10, 0x00, 0x00, 0x78, 0xCC, 0x01, 0xCF, 0xAE, 0x2E, 0x50, 0xF3, 0x62, 0x00, 0x1E,
    0xB5, 0xF6, 0xE3, 0x70, 0x00, 0x00, 0x00, 0x5A, 0xDE, 0xF5, 0xAD, 0x14, 0x00, 0x00, 0x3E, 0xEF,
    0x55, 0x2F, 0xBD, 0xB5, 0x00, 0x00, 0xB7, 0x76, 0x00, 0x00, 0x1E, 0xEB, 0x19, 0x05, 0xF8, 0x21,
    0x00, 0x00, 0x00, 0x00, 0x00, 0x24, 0xFD, 0x3B, 0xCC, 0xED, 0xA8, 0x12, 0x00, 0x33, 0xF9, 0xDC,
    0x50, 0x3B, 0xCB, 0xBA, 0x00, 0x30, 0xFF, 0x57, 0x00, 0x00, 0x1C, 0xFC, 0x23, 0x19, 0xFF, 0x21,
    0x00, 0x00, 0x00, 0xE7, 0x41, 0x00, 0xE0, 0x55, 0x00, 0x00, 0x1B, 0xFC, 0x22, 0x00, 0x6D, 0xE7,
    0x44, 0x34, 0xCA, 0xB8, 0x00, 0x00, 0x01, 0x7E, 0xE2, 0xF2, 0xA5, 0x10, 0x00, 0x60, 0xFF, 0xFF,
    0xFF, 0xFF, 0xFF, 0xBC, 0x0C, 0x20, 0x20, 0x20, 0x20, 0xC1, 0xA0, 0x00, 0x00, 0x00, 0x00, 0x20,
    0xFD, 0x37, 0x00, 0x00, 0x00, 0x00, 0x8B, 0xC8, 0x00, 0x00, 0x00, 0x00, 0x09, 0xEE, 0x59, 0x00,
    0x00, 0x00, 0x00, 0x65, 0xE6, 0x05, 0x00, 0x00, 0x00, 0x00, 0xD1, 0x7C, 0x00, 0x00, 0x00, 0x00,
    0x3F, 0xF8, 0x15, 0x00, 0x00, 0x00, 0x00, 0xAC, 0x9F, 0x00, 0x00, 0x00, 0x00, 0x1C, 0xFB, 0x31,
    0x00, 0x00, 0x00, 0x00, 0x86, 0xC3, 0x00, 0x00, 0x00, 0x00, 0x00, 0x05, 0x8D, 0xED, 0xEE, 0x90,
    0x06, 0x00, 0x00, 0x7F, 0xDB, 0x3F, 0x3C, 0xD9, 0x83, 0x00, 0x00, 0xD1, 0x60, 0x00, 0x00, 0x59,
    0xD8, 0x00, 0x00, 0xD0, 0x5A, 0x00, 0x00, 0x53, 0xD7, 0x00, 0x00, 0x79, 0xCC, 0x19, 0x17, 0xC9,
    0x80, 0x00, 0x00, 0x08, 0xC9, 0xFF, 0xFF, 0xD0, 0x0B, 0x00, 0x00, 0xA7, 0xC5, 0x40, 0x46, 0xC6,
    0xAE, 0x00, 0x17, 0xFF, 0x1B, 0x00, 0x00, 0x12, 0xFD, 0x21, 0x2B, 0xFE, 0x0F, 0x00, 0x00, 0x0A,
    0xFC, 0x36, 0x02, 0xD4, 0xB0, 0x33, 0x32, 0xAD, 0xDA, 0x04, 0x00, 0x1E, 0xAE, 0xF2, 0xF3, 0xB2,
    0x21, 0x00, 0x00, 0x09, 0x97, 0xEF, 0xE3, 0x85, 0x02, 0x00, 0x00, 0xA0, 0xD8, 0x3A, 0x41, 0xE3,
    0x7B, 0x00, 0x11, 0xFC, 0x31, 0x00, 0x00, 0x45, 0xEA, 0x02, 0x31, 0xFB, 0x00, 0x00, 0x00, 0x0B,
    0xFF, 0x27, 0x1C, 0xFF, 0x25, 0x00, 0x00, 0x36, 0xFF, 0x3F, 0x00, 0xC3, 0xBB, 0x10, 0x1C, 0xD1,
    0xF8, 0x42, 0x00, 0x1F, 0xCE, 0xFE, 0xF6, 0x5F, 0xE9, 0x33, 0x00, 0x00, 0x00, 0x1C, 0x0C, 0x0A,
    0xFB, 0x0E, 0x0C, 0xD2, 0x27, 0x00, 0x00, 0x5C, 0xC6, 0x00, 0x00, 0xB1, 0xC0, 0x31, 0x49, 0xE7,
    0x4C, 0x00, 0x00, 0x12, 0xAB, 0xF5, 0xE4, 0x67, 0x00, 0x00, 0xA2, 0x6B, 0xC6, 0x87, 0x00, 0x00,
    0x00, 0x00, 0x00, 0x00, 0xA2, 0x6B, 0xC6, 0x87, 0x00, 0x7C, 0x91, 0x00, 0x9B, 0xB3, 0x00, 0x00,
    0x00, 0x00, 0x00, 0x00, 0x00, 0xB3, 0x8B, 0x00, 0xD7, 0x4C, 0x02, 0xF5, 0x10, 0x1E, 0xCF, 0x00,
    0x00, 0x00, 0x00, 0x00, 0x00, 0x01, 0x02, 0x00, 0x00, 0x00, 0x01, 0x51, 0xD1, 0x18, 0x00, 0x00,
    0x4D, 0xCE, 0xDD, 0x68, 0x03, 0x48, 0xCB, 0xD3, 0x5B, 0x03, 0x00, 0x00, 0xCD, 0xE1, 0x38, 0x00,
    0x00, 0x00, 0x00, 0x05, 0x67, 0xE1, 0xBE, 0x45, 0x00, 0x00, 0x00, 0x00, 0x06, 0x69, 0xE3, 0xCB,
    0x0C, 0x00, 0x00, 0x00, 0x00, 0x07, 0x6B, 0x10, 0x8B, 0xF8, 0xF8, 0xF8, 0xF8, 0xF8, 0x2A, 0x16,
    0x28, 0x28, 0x28, 0x28, 0x28, 0x06, 0x00, 0x00, 0x00, 0x00, 0x00, 0x00, 0x00, 0x8B, 0xF8, 0xF8,
    0xF8, 0xF8, 0xF8, 0x2A, 0x16, 0x28, 0x28, 0x28, 0x28, 0x28, 0x06, 0x03, 0x00, 0x00, 0x00, 0x00,
    0x00, 0x00, 0x7B, 0x9E, 0x21, 0x00, 0x00, 0x00, 0x00, 0x1F, 0x99, 0xF3, 0x9B, 0x1F, 0x00, 0x00,
    0x00, 0x00, 0x19, 0x8B, 0xED, 0x98, 0x1C, 0x00, 0x00, 0x00, 0x07, 0x78, 0xFE, 0x6A, 0x00, 0x0D,
    0x75, 0xE6, 0xB6, 0x35, 0x00, 0x51, 0xEE, 0xB7, 0x36, 0x00, 0x00, 0x00, 0x4C, 0x37, 0x00, 0x00,
    0x00, 0x00, 0x00, 0x00, 0x54, 0xDB, 0xF6, 0xB3, 0x16, 0x27, 0xFA, 0x6B, 0x2F, 0xBC, 0xAB, 0x5D,
    0xB3, 0x00, 0x00, 0x3A, 0xF4, 0x00, 0x00, 0x00, 0x00, 0x52, 0xEC, 0x00, 0x00, 0x00, 0x2B, 0xE7,
    0x90, 0x00, 0x00, 0x1D, 0xF2, 0xA2, 0x06, 0x00, 0x00, 0x79, 0xCC, 0x00, 0x00, 0x00, 0x00, 0x63,
    0x6B, 0x00, 0x00, 0x00, 0x00, 0x00, 0x00, 0x00, 0x00, 0x00, 0x00, 0x80, 0x8A, 0x00, 0x00, 0x00,
    0x00, 0x9F, 0xAB, 0x00, 0x00, 0x00, 0x00, 0x00, 0x32, 0xA1, 0xDA, 0xF1, 0xDC, 0x96, 0x1C, 0x00,
    0x00, 0x00, 0x00, 0x68, 0xF4, 0x93, 0x45, 0x2E, 0x48, 0xA2, 0xED, 0x34, 0x00, 0x00, 0x36, 0xF3,
    0x3A, 0x00, 0x00, 0x00, 0x00, 0x00, 0x62, 0xE0, 0x09, 0x00, 0xB2, 0x7C, 0x00, 0x42, 0xD5, 0xE7,
    0x92, 0xC5, 0x00, 0xB6, 0x61, 0x07, 0xF6, 0x1C, 0x15, 0xEF, 0x60, 0x38, 0xC4, 0xCC, 0x00, 0x60,
    0xA6, 0x21, 0xEA, 0x00, 0x63, 0xA6, 0x00, 0x00, 0x47, 0xCC, 0x00, 0x40, 0xC2, 0x33, 0xD8, 0x00,
    0x7A, 0x85, 0x00, 0x00, 0x32, 0xCC, 0x00, 0x45, 0xBC, 0x27, 0xE4, 0x00, 0x63, 0xA9, 0x00, 0x00,
    0x52, 0xCD, 0x00, 0x5B, 0xA3, 0x08, 0xF9, 0x13, 0x1B, 0xF4, 0x4F, 0x35, 0xBA, 0xF5, 0x37, 0xB8,
    0x67, 0x00, 0xBC, 0x70, 0x00, 0x59, 0xE6, 0xEA, 0x40, 0x9A, 0xF5, 0xBA, 0x05, 0x00, 0x45, 0xF1,
    0x2F, 0x00, 0x00, 0x00, 0x00, 0x00, 0x00, 0x00, 0x00, 0x00, 0x00, 0x7C, 0xF4, 0x8A, 0x3E, 0x25,
    0x36, 0x73, 0x1D, 0x00, 0x00, 0x00, 0x00, 0x00, 0x40, 0xAD, 0xE7, 0xFA, 0xE8, 0xB0, 0x26, 0x00,
    0x00, 0x00, 0x00, 0x00, 0x65, 0xFF, 0x50, 0x00, 0x00, 0x00, 0x00, 0x00, 0x00, 0xB5, 0xDB, 0xA1,
    0x00, 0x00, 0x00, 0x00, 0x00, 0x0C, 0xF8, 0x60, 0xEE, 0x04, 0x00, 0x00, 0x00, 0x00, 0x55, 0xE4,
    0x05, 0xF3, 0x43, 0x00, 0x00, 0x00, 0x00, 0xA5, 0x9E, 0x00, 0xB2, 0x94, 0x00, 0x00, 0x00, 0x05,
    0xEF, 0x54, 0x00, 0x68, 0xE4, 0x01, 0x00, 0x00, 0x45, 0xFB, 0x0F, 0x00, 0x1C, 0xFF, 0x36, 0x00,
    0x00, 0x95, 0xFF, 0xFC, 0xFC, 0xFC, 0xFF, 0x87, 0x00, 0x00, 0xE3, 0x7F, 0x2C, 0x2C, 0x2C, 0x89,
    0xD8, 0x00, 0x35, 0xFE, 0x1A, 0x00, 0x00, 0x00, 0x22, 0xFF, 0x29, 0x84, 0xC5, 0x00, 0x00, 0x00,
    0x00, 0x00, 0xCB, 0x7B, 0xDC, 0xFF, 0xFF, 0xFC, 0xD4, 0x47, 0x00, 0xDC, 0x6D, 0x20, 0x26, 0x7A,
    0xF4, 0x15, 0xDC, 0x58, 0x00, 0x00, 0x00, 0xD6, 0x58, 0xDC, 0x58, 0x00, 0x00, 0x00, 0xD7, 0x52,
    0xDC, 0x58, 0x00, 0x04, 0x6A, 0xE6, 0x13, 0xDC, 0xFA, 0xF8, 0xFB, 0xFA, 0x5A, 0x00, 0xDC, 0x72,
    0x28, 0x2A, 0x65, 0xF9, 0x4A, 0xDC, 0x58, 0x00, 0x00, 0x00, 0x93, 0xAE, 0xDC, 0x58, 0x00, 0x00,
    0x00, 0x75, 0xB9, 0xDC, 0x6D, 0x20, 0x22, 0x4B, 0xE4, 0x72, 0xDC, 0xFF, 0xFF, 0xFE, 0xE5, 0x86,
    0x03, 0x00, 0x00, 0x20, 0xA9, 0xEE, 0xEF, 0xA5, 0x1C, 0x00, 0x00, 0x19, 0xE5, 0xA6, 0x34, 0x35,
    0xA9, 0xE0, 0x12, 0x00, 0x9D, 0xB3, 0x00, 0x00, 0x00, 0x01, 0xC5, 0x81, 0x05, 0xF1, 0x3E, 0x00,
    0x00, 0x00, 0x00, 0x3A, 0x56, 0x23, 0xFF, 0x08, 0x00, 0x00, 0x00, 0x00, 0x00, 0x00, 0x33, 0xF8,
    0x00, 0x00, 0x00, 0x00, 0x00, 0x00, 0x00, 0x23, 0xFF, 0x07, 0x00, 0x00, 0x00, 0x00, 0x00, 0x00,
    0x05, 0xF1, 0x3C, 0x00, 0x00, 0x00, 0x00, 0x38, 0x53, 0x00, 0x9F, 0xAF, 0x00, 0x00, 0x00, 0x02,
    0xC3, 0x81, 0x00, 0x1B, 0xE7, 0xA2, 0x33, 0x34, 0xB2, 0xE1, 0x12, 0x00, 0x00, 0x22, 0xAC, 0xEF,
    0xF1, 0xAB, 0x1F, 0x00, 0xDC, 0xFF, 0xFF, 0xF5, 0xCB, 0x56, 0x00, 0x00, 0xDC, 0x6D, 0x20, 0x29,
    0x6B, 0xF0, 0x6A, 0x00, 0xDC, 0x58, 0x00, 0x00, 0x00, 0x4F, 0xF3, 0x12, 0xDC, 0x58, 0x00, 0x00,
    0x00, 0x01, 0xDB, 0x5B, 0xDC, 0x58, 0x00, 0x00, 0x00, 0x00, 0xAD, 0x86, 0xDC, 0x58, 0x00, 0x00,
    0x00, 0x00, 0x97, 0x96, 0xDC, 0x58, 0x00, 0x00, 0x00, 0x00, 0xAE, 0x86, 0xDC, 0x58, 0x00, 0x00,
    0x00, 0x02, 0xDD, 0x59, 0xDC, 0x58, 0x00, 0x00, 0x00, 0x56, 0xF1, 0x11, 0xDC, 0x6D, 0x20, 0x2B,
    0x71, 0xF2, 0x64, 0x00, 0xDC, 0xFF, 0xFF, 0xF3, 0xC6, 0x4F, 0x00, 0x00, 0xDC, 0xFF, 0xFF, 0xFF,
    0xFF, 0xE8, 0xDC, 0x6D, 0x20, 0x20, 0x20, 0x1D, 0xDC, 0x58, 0x00, 0x00, 0x00, 0x00, 0xDC, 0x58,
    0x00, 0x00, 0x00, 0x00, 0xDC, 0x58, 0x00, 0x00, 0x00, 0x00, 0xDC, 0xFA, 0xF8, 0xF8, 0xF8, 0x93,
    0xDC, 0x72, 0x28, 0x28, 0x28, 0x17, 0xDC, 0x58, 0x00, 0x00, 0x00, 0x00, 0xDC, 0x58, 0x00, 0x00,
    0x00, 0x00, 0xDC, 0x6D, 0x20, 0x20, 0x20, 0x1F, 0xDC, 0xFF, 0xFF, 0xFF, 0xFF, 0xF8, 0xDC, 0xFF,
    0xFF, 0xFF, 0xFF, 0xDC, 0xDC, 0x6D, 0x20, 0x20, 0x20, 0x1B, 0xDC, 0x58, 0x00, 0x00, 0x00, 0x00,
    0xDC, 0x58, 0x00, 0x00, 0x00, 0x00, 0xDC, 0x58, 0x00, 0x00, 0x00, 0x00, 0xDC, 0xFA, 0xF8, 0xF8,
    0xF8, 0x6C, 0xDC, 0x72, 0x28, 0x28, 0x28, 0x11, 0xDC, 0x58, 0x00, 0x00, 0x00, 0x00, 0xDC, 0x58,
    0x00, 0x00, 0x00, 0x00, 0xDC, 0x58, 0x00, 0x00, 0x00, 0x00, 0xDC, 0x58, 0x00, 0x00, 0x00, 0x00,
    0x00, 0x00, 0x23, 0xAD, 0xEF, 0xED, 0x9F, 0x13, 0x00, 0x00, 0x1B, 0xE7, 0xA0, 0x32, 0x3D, 0xC1,
    0xD2, 0x09, 0x00, 0x9E, 0xB0, 0x00, 0x00, 0x00, 0x0D, 0xE3, 0x71, 0x05, 0xF1, 0x3D, 0x00, 0x00,
    0x00, 0x00, 0x66, 0x84, 0x23, 0xFF, 0x08, 0x00, 0x00, 0x00, 0x00, 0x00, 0x00, 0x33, 0xF8, 0x00,
    0x00, 0x00, 0x00, 0x00, 0x00, 0x00, 0x23, 0xFF, 0x08, 0x00, 0x00, 0xBA, 0xF8, 0xF8, 0xDC, 0x05,
    0xF1, 0x3D, 0x00, 0x00, 0x1E, 0x28, 0x73, 0xD7, 0x00, 0x9F, 0xB1, 0x00, 0x00, 0x00, 0x00, 0xA4,
    0xA4, 0x00, 0x1B, 0xE7, 0xA3, 0x35, 0x2F, 0x8F, 0xF4, 0x2A, 0x00, 0x00, 0x22, 0xAA, 0xEE, 0xF2,
    0xB7, 0x2F, 0x00, 0xDC, 0x58, 0x00, 0x00, 0x00, 0x00, 0xB0, 0x84, 0xDC, 0x58, 0x00, 0x00, 0x00,
    0x00, 0xB0, 0x84, 0xDC, 0x58, 0x00, 0x00, 0x00, 0x00, 0xB0, 0x84, 0xDC, 0x58, 0x00, 0x00, 0x00,
    0x00, 0xB0, 0x84, 0xDC, 0x58, 0x00, 0x00, 0x00, 0x00, 0xB0, 0x84, 0xDC, 0xFA, 0xF8, 0xF8, 0xF8,
    0xF8, 0xFD, 0x84, 0xDC, 0x72, 0x28, 0x28, 0x28, 0x28, 0xBC, 0x84, 0xDC, 0x58, 0x00, 0x00, 0x00,
    0x00, 0xB0, 0x84, 0xDC, 0x58, 0x00, 0x00, 0x00, 0x00, 0xB0, 0x84, 0xDC, 0x58, 0x00, 0x00, 0x00,
    0x00, 0xB0, 0x84, 0xDC, 0x58, 0x00, 0x00, 0x00, 0x00, 0xB0, 0x84, 0xDC, 0x58, 0xDC, 0x58, 0xDC,
    0x58, 0xDC, 0x58, 0xDC, 0x58, 0xDC, 0x58, 0xDC, 0x58, 0xDC, 0x58, 0xDC, 0x58, 0xDC, 0x58, 0xDC,
    0x58, 0x00, 0x00, 0x00, 0x00, 0x00, 0xEC, 0x48, 0x00, 0x00, 0x00, 0x00, 0x00, 0xEC, 0x48, 0x00,
    0x00, 0x00, 0x00, 0x00, 0xEC, 0x48, 0x00, 0x00, 0x00, 0x00, 0x00, 0xEC, 0x48, 0x00, 0x00, 0x00,
    0x00, 0x00, 0xEC, 0x48, 0x00, 0x00, 0x00, 0x00, 0x00, 0xEC, 0x48, 0x00, 0x00, 0x00, 0x00, 0x00,
    0xEC, 0x48, 0x45, 0xA5, 0x00, 0x00, 0x00, 0xEC, 0x46, 0x43, 0xEE, 0x02, 0x00, 0x09, 0xFC, 0x2B,
    0x0D, 0xE9, 0x86, 0x2C, 0x98, 0xD8, 0x04, 0x00, 0x39, 0xCC, 0xF4, 0xC2, 0x2A, 0x00, 0xDC, 0x58,
    0x00, 0x00, 0x00, 0x9C, 0xE2, 0x14, 0xDC, 0x58, 0x00, 0x00, 0x65, 0xF8, 0x35, 0x00, 0xDC, 0x58,
    0x00, 0x34, 0xF8, 0x65, 0x00, 0x00, 0xDC, 0x57, 0x13, 0xE1, 0x9C, 0x00, 0x00, 0x00, 0xDC, 0x57,
    0xB6, 0xCF, 0x07, 0x00, 0x00, 0x00, 0xDC, 0xBF, 0xF8, 0xE4, 0x0D, 0x00, 0x00, 0x00, 0xDC, 0xF3,
    0x33, 0xD3, 0x91, 0x00, 0x00, 0x00, 0xDC, 0x6C, 0x00, 0x3C, 0xFB, 0x34, 0x00, 0x00, 0xDC, 0x58,
    0x00, 0x00, 0x9C, 0xCD, 0x03, 0x00, 0xDC, 0x58, 0x00, 0x00, 0x12, 0xEB, 0x70, 0x00, 0xDC, 0x58,
    0x00, 0x00, 0x00, 0x5F, 0xF3, 0x1C, 0xDC, 0x58, 0x00, 0x00, 0x00, 0x00, 0xDC, 0x58, 0x00, 0x00,
    0x00, 0x00, 0xDC, 0x58, 0x00, 0x00, 0x00, 0x00, 0xDC, 0x58, 0x00, 0x00, 0x00, 0x00, 0xDC, 0x58,
    0x00, 0x00, 0x00, 0x00, 0xDC, 0x58, 0x00, 0x00, 0x00, 0x00, 0xDC, 0x58, 0x00, 0x00, 0x00, 0x00,
    0xDC, 0x58, 0x00, 0x00, 0x00, 0x00, 0xDC, 0x58, 0x00, 0x00, 0x00, 0x00, 0xDC, 0x74, 0x2C, 0x2C,
    0x2C, 0x20, 0xDC, 0xFF, 0xFF, 0xFF, 0xFF, 0xBC, 0xDC, 0xF8, 0x0E, 0x00, 0x00, 0x00, 0x00, 0x4B,
    0xFF, 0x98, 0xDC, 0xFB, 0x5C, 0x00, 0x00, 0x00, 0x00, 0x9F, 0xFB, 0x98, 0xDC, 0xC4, 0xB2, 0x00,
    0x00, 0x00, 0x05, 0xEE, 0xC4, 0x98, 0xDC, 0x7D, 0xF8, 0x0E, 0x00, 0x00, 0x48, 0xE8, 0x96, 0x98,
    0xDC, 0x4C, 0xE3, 0x5D, 0x00, 0x00, 0x9D, 0x99, 0x97, 0x98, 0xDC, 0x4C, 0x8E, 0xB3, 0x00, 0x04,
    0xEC, 0x42, 0x98, 0x98, 0xDC, 0x4C, 0x36, 0xF9, 0x0F, 0x45, 0xE8, 0x03, 0x98, 0x98, 0xDC, 0x4C,
    0x00, 0xDD, 0x59, 0x97, 0x94, 0x00, 0x98, 0x98, 0xDC, 0x4C, 0x00, 0x85, 0xA0, 0xDE, 0x3D, 0x00,
    0x98, 0x98, 0xDC, 0x4C, 0x00, 0x2D, 0xF1, 0xE4, 0x01, 0x00, 0x98, 0x98, 0xDC, 0x4C, 0x00, 0x00,
    0xD4, 0x8F, 0x00, 0x00, 0x98, 0x98, 0xDC, 0xD2, 0x02, 0x00, 0x00, 0x00, 0x8C, 0xA8, 0xDC, 0xFD,
    0x60, 0x00, 0x00, 0x00, 0x8C, 0xA8, 0xDC, 0xAF, 0xE2, 0x08, 0x00, 0x00, 0x8C, 0xA8, 0xDC, 0x58,
    0xE2, 0x77, 0x00, 0x00, 0x8C, 0xA8, 0xDC, 0x5A, 0x62, 0xEF, 0x12, 0x00, 0x8C, 0xA8, 0xDC, 0x5C,
    0x02, 0xD2, 0x8D, 0x00, 0x8C, 0xA8, 0xDC, 0x5C, 0x00, 0x47, 0xF8, 0x20, 0x8C, 0xA8, 0xDC, 0x5C,
    0x00, 0x00, 0xB9, 0xA1, 0x8B, 0xA8, 0xDC, 0x5C, 0x00, 0x00, 0x2D, 0xFA, 0xA7, 0xA8, 0xDC, 0x5C,
    0x00, 0x00, 0x00, 0x9D, 0xF8, 0xA8, 0xDC, 0x5C, 0x00, 0x00, 0x00, 0x1A, 0xF4, 0xA8, 0x00, 0x00,
    0x20, 0xA9, 0xED, 0xEC, 0xA3, 0x19, 0x00, 0x00, 0x00, 0x19, 0xE5, 0xA6, 0x34, 0x36, 0xAD, 0xDD,
    0x11, 0x00, 0x00, 0x9D, 0xB3, 0x00, 0x00, 0x00, 0x02, 0xC1, 0x8D, 0x00, 0x05, 0xF1, 0x3E, 0x00,
    0x00, 0x00, 0x00, 0x50, 0xE6, 0x01, 0x23, 0xFF, 0x08, 0x00, 0x00, 0x00, 0x00, 0x18, 0xFF, 0x15,
    0x33, 0xF8, 0x00, 0x00, 0x00, 0x00, 0x00, 0x09, 0xFF, 0x26, 0x23, 0xFF, 0x08, 0x00, 0x00, 0x00,
    0x00, 0x18, 0xFF, 0x15, 0x05, 0xF1, 0x3D, 0x00, 0x00, 0x00, 0x00, 0x4F, 0xE6, 0x01, 0x00, 0x9F,
    0xB1, 0x00, 0x00, 0x00, 0x02, 0xC0, 0x8F, 0x00, 0x00, 0x1B, 0xE7, 0xA3, 0x34, 0x36, 0xAD, 0xDF,
    0x12, 0x00, 0x00, 0x00, 0x22, 0xAC, 0xEE, 0xED, 0xA5, 0x1B, 0x00, 0x00, 0xDC, 0xFF, 0xFF, 0xF9,
    0xCC, 0x40, 0x00, 0xDC, 0x6D, 0x20, 0x2B, 0x82, 0xF6, 0x1E, 0xDC, 0x58, 0x00, 0x00, 0x00, 0xCA,
    0x77, 0xDC, 0x58, 0x00, 0x00, 0x00, 0xA0, 0x95, 0xDC, 0x58, 0x00, 0x00, 0x00, 0xBF, 0x7E, 0xDC,
    0x58, 0x00, 0x05, 0x59, 0xFB, 0x2B, 0xDC, 0xFA, 0xF8, 0xFC, 0xEF, 0x61, 0x00, 0xDC, 0x72, 0x28,
    0x22, 0x06, 0x00, 0x00, 0xDC, 0x58, 0x00, 0x00, 0x00, 0x00, 0x00, 0xDC, 0x58, 0x00, 0x00, 0x00,
    0x00, 0x00, 0xDC, 0x58, 0x00, 0x00, 0x00, 0x00, 0x00, 0x00, 0x00, 0x20, 0xA9, 0xED, 0xEC, 0xA3,
    0x19, 0x00, 0x00, 0x00, 0x19, 0xE5, 0xB5, 0x48, 0x4A, 0xBD, 0xDC, 0x10, 0x00, 0x00, 0x9D, 0xBA,
    0x02, 0x00, 0x00, 0x05, 0xC8, 0x8B, 0x00, 0x05, 0xF1, 0x40, 0x00, 0x00, 0x00, 0x00, 0x53, 0xE4,
    0x01, 0x23, 0xFF, 0x08, 0x00, 0x00, 0x00, 0x00, 0x1A, 0xFF, 0x15, 0x33, 0xF8, 0x00, 0x00, 0x00,
    0x00, 0x00, 0x09, 0xFF, 0x26, 0x23, 0xFF, 0x08, 0x00, 0x00, 0x00, 0x00, 0x18, 0xFF, 0x18, 0x05,
    0xF1, 0x3F, 0x00, 0x1F, 0x6F, 0x03, 0x50, 0xE8, 0x01, 0x00, 0x9F, 0xB8, 0x01, 0x02, 0xC7, 0x7B,
    0xC4, 0x92, 0x00, 0x00, 0x1B, 0xE7, 0xB2, 0x47, 0x74, 0xFF, 0xE5, 0x17, 0x00, 0x00, 0x00, 0x22,
    0xAC, 0xEE, 0xF3, 0xD1, 0xC7, 0x02, 0x00, 0x00, 0x00, 0x00, 0x00, 0x00, 0x00, 0x03, 0xCC, 0x69,
    0x00, 0xDC, 0xFF, 0xFF, 0xFA, 0xCE, 0x43, 0x00, 0xDC, 0x6D, 0x20, 0x2B, 0x80, 0xF6, 0x1E, 0xDC,
    0x58, 0x00, 0x00, 0x00, 0xC9, 0x76, 0xDC, 0x58, 0x00, 0x00, 0x00, 0xA0, 0x95, 0xDC, 0x58, 0x00,
    0x00, 0x00, 0xB9, 0x83, 0xDC, 0x58, 0x00, 0x04, 0x51, 0xFC, 0x36, 0xDC, 0xFA, 0xF8, 0xFC, 0xFB,
    0x74, 0x00, 0xDC, 0x72, 0x28, 0x4E, 0xFD, 0x2A, 0x00, 0xDC, 0x58, 0x00, 0x00, 0xB4, 0xAC, 0x00,
    0xDC, 0x58, 0x00, 0x00, 0x32, 0xFD, 0x32, 0xDC, 0x58, 0x00, 0x00, 0x00, 0xAE, 0xB5, 0x00, 0x06,
    0x88, 0xE6, 0xF7, 0xC4, 0x39, 0x00, 0x00, 0x90, 0xD3, 0x43, 0x2B, 0x88, 0xF4, 0x1E, 0x00, 0xEE,
    0x42, 0x00, 0x00, 0x00, 0xA3, 0x53, 0x00, 0xEC, 0x5E, 0x00, 0x00, 0x00, 0x00, 0x00, 0x00, 0x87,
    0xFB, 0x96, 0x39, 0x01, 0x00, 0x00, 0x00, 0x01, 0x69, 0xDB, 0xFF, 0xDD, 0x4C, 0x00, 0x00, 0x00,
    0x00, 0x00, 0x31, 0xA2, 0xFB, 0x38, 0x00, 0x00, 0x00, 0x00, 0x00, 0x00, 0xAD, 0x90, 0x24, 0xE3,
    0x1D, 0x00, 0x00, 0x00, 0xAF, 0x85, 0x01, 0xCA, 0xC2, 0x3F, 0x32, 0x8B, 0xF7, 0x2A, 0x00, 0x18,
    0xA1, 0xE7, 0xF6, 0xC7, 0x41, 0x00, 0x60, 0xFF, 0xFF, 0xFF, 0xFF, 0xFF, 0xFF, 0xC4, 0x0C, 0x20,
    0x20, 0x7B, 0xD6, 0x20, 0x20, 0x18, 0x00, 0x00, 0x00, 0x68, 0xD0, 0x00, 0x00, 0x00, 0x00, 0x00,
    0x00, 0x68, 0xD0, 0x00, 0x00, 0x00, 0x00, 0x00, 0x00, 0x68, 0xD0, 0x00, 0x00, 0x00, 0x00, 0x00,
    0x00, 0x68, 0xD0, 0x00, 0x00, 0x00, 0x00, 0x00, 0x00, 0x68, 0xD0, 0x00, 0x00, 0x00, 0x00, 0x00,
    0x00, 0x68, 0xD0, 0x00, 0x00, 0x00, 0x00, 0x00, 0x00, 0x68, 0xD0, 0x00, 0x00, 0x00, 0x00, 0x00,
    0x00, 0x68, 0xD0, 0x00, 0x00, 0x00, 0x00, 0x00, 0x00, 0x68, 0xD0, 0x00, 0x00, 0x00, 0xDC, 0x58,
    0x00, 0x00, 0x00, 0x00, 0xAC, 0x88, 0xDC, 0x58, 0x00, 0x00, 0x00, 0x00, 0xAC, 0x88, 0xDC, 0x58,
    0x00, 0x00, 0x00, 0x00, 0xAC, 0x88, 0xDC, 0x58, 0x00, 0x00, 0x00, 0x00, 0xAC, 0x88, 0xDC, 0x58,
    0x00, 0x00, 0x00, 0x00, 0xAC, 0x88, 0xDC, 0x58, 0x00, 0x00, 0x00, 0x00, 0xAC, 0x88, 0xDC, 0x58,
    0x00, 0x00, 0x00, 0x00, 0xAC, 0x88, 0xD2, 0x61, 0x00, 0x00, 0x00, 0x00, 0xB5, 0x7D, 0xA1, 0xAB,
    0x00, 0x00, 0x00, 0x0C, 0xEE, 0x4C, 0x2B, 0xF6, 0x8E, 0x2B, 0x3B, 0xBD, 0xCA, 0x04, 0x00, 0x36,
    0xBF, 0xF5, 0xEB, 0x9C, 0x11, 0x00, 0x84, 0xBE, 0x00, 0x00, 0x00, 0x00, 0x00, 0xCB, 0x7B, 0x32,
    0xFB, 0x11, 0x00, 0x00, 0x00, 0x18, 0xFE, 0x2B, 0x00, 0xE0, 0x5B, 0x00, 0x00, 0x00, 0x64, 0xDB,
    0x00, 0x00, 0x90, 0xAA, 0x00, 0x00, 0x00, 0xB0, 0x8B, 0x00, 0x00, 0x3F, 0xF2, 0x06, 0x00, 0x07,
    0xF4, 0x3B, 0x00, 0x00, 0x03, 0xEB, 0x46, 0x00, 0x49, 0xE9, 0x02, 0x00, 0x00, 0x00, 0x9D, 0x95,
    0x00, 0x95, 0x9B, 0x00, 0x00, 0x00, 0x00, 0x4C, 0xE1, 0x00, 0xDE, 0x4B, 0x00, 0x00, 0x00, 0x00,
    0x07, 0xF3, 0x49, 0xF3, 0x07, 0x00, 0x00, 0x00, 0x00, 0x00, 0xAA, 0xCD, 0xAB, 0x00, 0x00, 0x00,
    0x00, 0x00, 0x00, 0x59, 0xFF, 0x5B, 0x00, 0x00, 0x00, 0x8F, 0xAB, 0x00, 0x00, 0x00, 0x66, 0xFF,
    0x34, 0x00, 0x00, 0x00, 0xE1, 0x5D, 0x53, 0xE4, 0x00, 0x00, 0x00, 0xA0, 0xFC, 0x6D, 0x00, 0x00,
    0x18, 0xFF, 0x21, 0x16, 0xFF, 0x1D, 0x00, 0x00, 0xDA, 0xBD, 0xA7, 0x00, 0x00, 0x51, 0xE4, 0x00,
    0x00, 0xDB, 0x56, 0x00, 0x14, 0xFE, 0x5B, 0xE0, 0x00, 0x00, 0x89, 0xA8, 0x00, 0x00, 0x9F, 0x8F,
    0x00, 0x4E, 0xD9, 0x0F, 0xFD, 0x19, 0x00, 0xC1, 0x6C, 0x00, 0x00, 0x63, 0xC8, 0x00, 0x88, 0x9C,
    0x00, 0xD1, 0x53, 0x03, 0xF4, 0x2F, 0x00, 0x00, 0x27, 0xF9, 0x07, 0xC1, 0x60, 0x00, 0x95, 0x8C,
    0x31, 0xF0, 0x02, 0x00, 0x00, 0x00, 0xE9, 0x37, 0xF4, 0x23, 0x00, 0x58, 0xC0, 0x67, 0xB7, 0x00,
    0x00, 0x00, 0x00, 0xAF, 0x8F, 0xE7, 0x00, 0x00, 0x1B, 0xF2, 0x9C, 0x7A, 0x00, 0x00, 0x00, 0x00,
    0x73, 0xE9, 0xAA, 0x00, 0x00, 0x00, 0xDF, 0xEA, 0x3E, 0x00, 0x00, 0x00, 0x00, 0x36, 0xFF, 0x6E,
    0x00, 0x00, 0x00, 0xA2, 0xF9, 0x08, 0x00, 0x00, 0x27, 0xFA, 0x41, 0x00, 0x00, 0x00, 0x53, 0xF0,
    0x17, 0x00, 0x8C, 0xD0, 0x02, 0x00, 0x08, 0xDF, 0x70, 0x00, 0x00, 0x0E, 0xE8, 0x65, 0x00, 0x7D,
    0xD4, 0x04, 0x00, 0x00, 0x00, 0x62, 0xE8, 0x22, 0xF4, 0x42, 0x00, 0x00, 0x00, 0x00, 0x01, 0xCA,
    0xDD, 0xAA, 0x00, 0x00, 0x00, 0x00, 0x00, 0x00, 0x67, 0xFF, 0x4B, 0x00, 0x00, 0x00, 0x00, 0x00,
    0x08, 0xDD, 0xC9, 0xCB, 0x02, 0x00, 0x00, 0x00, 0x00, 0x82, 0xD4, 0x12, 0xEA, 0x67, 0x00, 0x00,
    0x00, 0x25, 0xF8, 0x41, 0x00, 0x65, 0xED, 0x13, 0x00, 0x00, 0xB9, 0xA5, 0x00, 0x00, 0x02, 0xC9,
    0x99, 0x00, 0x56, 0xF1, 0x18, 0x00, 0x00, 0x00, 0x34, 0xFB, 0x35, 0x68, 0xEE, 0x0F, 0x00, 0x00,
    0x00, 0x29, 0xFC, 0x3B, 0x04, 0xDB, 0x81, 0x00, 0x00, 0x00, 0xAB, 0xB3, 0x00, 0x00, 0x58, 0xF2,
    0x13, 0x00, 0x31, 0xFC, 0x2D, 0x00, 0x00, 0x01, 0xCE, 0x88, 0x00, 0xB5, 0xA3, 0x00, 0x00, 0x00,
    0x00, 0x47, 0xF4, 0x43, 0xF9, 0x21, 0x00, 0x00, 0x00, 0x00, 0x00, 0xBF, 0xED, 0x92, 0x00, 0x00,
    0x00, 0x00, 0x00, 0x00, 0x44, 0xFF, 0x18, 0x00, 0x00, 0x00, 0x00, 0x00, 0x00, 0x30, 0xFF, 0x04,
    0x00, 0x00, 0x00, 0x00, 0x00, 0x00, 0x30, 0xFF, 0x04, 0x00, 0x00, 0x00, 0x00, 0x00, 0x00, 0x30,
    0xFF, 0x04, 0x00, 0x00, 0x00, 0x00, 0x00, 0x00, 0x30, 0xFF, 0x04, 0x00, 0x00, 0x00, 0x38, 0xFF,
    0xFF, 0xFF, 0xFF, 0xFF, 0xFF, 0x57, 0x07, 0x20, 0x20, 0x20, 0x20, 0x61, 0xEF, 0x14, 0x00, 0x00,
    0x00, 0x00, 0x05, 0xD8, 0x72, 0x00, 0x00, 0x00, 0x00, 0x00, 0x71, 0xDB, 0x06, 0x00, 0x00, 0x00,
    0x00, 0x12, 0xEE, 0x50, 0x00, 0x00, 0x00, 0x00, 0x00, 0x92, 0xBE, 0x00, 0x00, 0x00, 0x00, 0x00,
    0x28, 0xF8, 0x30, 0x00, 0x00, 0x00, 0x00, 0x00, 0xB4, 0x9C, 0x00, 0x00, 0x00, 0x00, 0x00, 0x45,
    0xF2, 0x18, 0x00, 0x00, 0x00, 0x00, 0x03, 0xD2, 0x89, 0x20, 0x20, 0x20, 0x20, 0x0D, 0x2B, 0xFF,
    0xFF, 0xFF, 0xFF, 0xFF, 0xFF, 0x68, 0x8B, 0xF8, 0xF0, 0x90, 0x9A, 0x26, 0x90, 0x88, 0x00, 0x90,
    0x88, 0x00, 0x90, 0x88, 0x00, 0x90, 0x88, 0x00, 0x90, 0x88, 0x00, 0x90, 0x88, 0x00, 0x90, 0x88,
    0x00, 0x90, 0x88, 0x00, 0x90, 0x88, 0x00, 0x90, 0x88, 0x00, 0x90, 0xFC, 0xF0, 0x16, 0x28, 0x26,
    0x52, 0x33, 0x00, 0x00, 0x00, 0x76, 0x96, 0x00, 0x00, 0x00, 0x38, 0xD4, 0x00, 0x00, 0x00, 0x04,
    0xF3, 0x14, 0x00, 0x00, 0x00, 0xBB, 0x51, 0x00, 0x00, 0x00, 0x7C, 0x8F, 0x00, 0x00, 0x00, 0x3E,
    0xCE, 0x00, 0x00, 0x00, 0x07, 0xF5, 0x0F, 0x00, 0x00, 0x00, 0xC1, 0x4A, 0x00, 0x00, 0x00, 0x83,
    0x89, 0x00, 0x00, 0x00, 0x44, 0xC7, 0x00, 0x00, 0x00, 0x0A, 0xF5, 0x0B, 0x00, 0x00, 0x00, 0xC7,
    0x44, 0x36, 0xF8, 0xF8, 0x4D, 0x08, 0x28, 0xD0, 0x50, 0x00, 0x00, 0xC8, 0x50, 0x00, 0x00, 0xC8,
    0x50, 0x00, 0x00, 0xC8, 0x50, 0x00, 0x00, 0xC8, 0x50, 0x00, 0x00, 0xC8, 0x50, 0x00, 0x00, 0xC8,
    0x50, 0x00, 0x00, 0xC8, 0x50, 0x00, 0x00, 0xC8, 0x50, 0x00, 0x00, 0xC8, 0x50, 0x00, 0x00, 0xC8,
    0x50, 0x36, 0xF8, 0xFE, 0x50, 0x08, 0x28, 0x28, 0x0C, 0x00, 0x00, 0x55, 0x65, 0x00, 0x00, 0x00,
    0x0C, 0xEC, 0xEE, 0x1F, 0x00, 0x00, 0x6B, 0xAD, 0x8D, 0x8A, 0x00, 0x00, 0xD7, 0x44, 0x24, 0xEC,
    0x09, 0x45, 0xDB, 0x01, 0x00, 0xB9, 0x65, 0xF8, 0xF8, 0xF8, 0xF8, 0xF8, 0xE4, 0x28, 0x28, 0x28,
    0x28, 0x28, 0x24, 0x10, 0x03, 0x00, 0xB7, 0x78, 0x00, 0x26, 0xDB, 0x03, 0x00, 0x33, 0xBF, 0xF5,
    0xDA, 0x57, 0x00, 0x0E, 0xEE, 0x8D, 0x2A, 0x65, 0xF8, 0x16, 0x00, 0x2C, 0x00, 0x00, 0x00, 0xE6,
    0x44, 0x00, 0x1B, 0x73, 0xA4, 0xD0, 0xFF, 0x4C, 0x22, 0xED, 0xB2, 0x6B, 0x40, 0xDA, 0x4C, 0x65,
    0xCE, 0x00, 0x00, 0x04, 0xF1, 0x4C, 0x42, 0xF0, 0x47, 0x2B, 0xA3, 0xF6, 0x4C, 0x00, 0x79, 0xEF,
    0xE8, 0x6E, 0xD4, 0x4C, 0xFF, 0x24, 0x00, 0x00, 0x00, 0x00, 0x00, 0xFF, 0x24, 0x00, 0x00, 0x00,
    0x00, 0x00, 0xFF, 0x24, 0x00, 0x00, 0x00, 0x00, 0x00, 0xFF, 0x4D, 0xD6, 0xF5, 0xAF, 0x12, 0x00,
    0xFF, 0xD3, 0x4C, 0x33, 0xC4, 0xB1, 0x00, 0xFF, 0x67, 0x00, 0x00, 0x25, 0xFE, 0x18, 0xFF, 0x31,
    0x00, 0x00, 0x00, 0xEF, 0x41, 0xFF, 0x32, 0x00, 0x00, 0x00, 0xF1, 0x40, 0xFF, 0x68, 0x00, 0x00,
    0x27, 0xFE, 0x18, 0xFF, 0xD2, 0x4B, 0x33, 0xC4, 0xB0, 0x00, 0xFF, 0x47, 0xCE, 0xF4, 0xB0, 0x11,
    0x00, 0x00, 0x0E, 0xA3, 0xF1, 0xE7, 0x7E, 0x00, 0x00, 0xB0, 0xC6, 0x33, 0x45, 0xE1, 0x6D, 0x1F,
    0xFF, 0x25, 0x00, 0x00, 0x37, 0x3B, 0x4C, 0xE7, 0x00, 0x00, 0x00, 0x00, 0x00, 0x4D, 0xE7, 0x00,
    0x00, 0x00, 0x00, 0x00, 0x20, 0xFF, 0x23, 0x00, 0x00, 0x32, 0x3C, 0x00, 0xB1, 0xC4, 0x32, 0x41,
    0xDB, 0x77, 0x00, 0x0E, 0xA3, 0xF1, 0xE8, 0x83, 0x01, 0x00, 0x00, 0x00, 0x00, 0x00, 0x30, 0xF4,
    0x00, 0x00, 0x00, 0x00, 0x00, 0x30, 0xF4, 0x00, 0x00, 0x00, 0x00, 0x00, 0x30, 0xF4, 0x00, 0x17,
    0xB5, 0xF5, 0xD1, 0x53, 0xF4, 0x00, 0xBF, 0xBA, 0x31, 0x51, 0xD8, 0xF4, 0x26, 0xFF, 0x19, 0x00,
    0x00, 0x72, 0xF4, 0x4E, 0xE5, 0x00, 0x00, 0x00, 0x39, 0xF4, 0x4D, 0xE8, 0x00, 0x00, 0x00, 0x3B,
    0xF4, 0x25, 0xFF, 0x1B, 0x00, 0x00, 0x73, 0xF4, 0x00, 0xBF, 0xBD, 0x31, 0x51, 0xD6, 0xF4, 0x00,
    0x17, 0xB5, 0xF6, 0xD2, 0x49, 0xF4, 0x00, 0x0D, 0xA3, 0xF1, 0xE1, 0x75, 0x01, 0x00, 0xAF, 0xAF,
    0x2E, 0x45, 0xDF, 0x6E, 0x1F, 0xF4, 0x08, 0x00, 0x00, 0x5B, 0xCD, 0x4C, 0xFE, 0xF8, 0xF8, 0xF8,
    0xF9, 0xEB, 0x4D, 0xE5, 0x28, 0x28, 0x28, 0x28, 0x25, 0x21, 0xFD, 0x1F, 0x00, 0x00, 0x25, 0x29,
    0x00, 0xB1, 0xC8, 0x3A, 0x39, 0xD1, 0x8F, 0x00, 0x0D, 0xA0, 0xEF, 0xED, 0x98, 0x07, 0x00, 0x09,
    0xA5, 0xF3, 0x71, 0x00, 0x63, 0xDE, 0x2E, 0x11, 0x00, 0x78, 0xAC, 0x00, 0x00, 0xE0, 0xFF, 0xFF,
    0xFF, 0x4C, 0x1C, 0x89, 0xB6, 0x20, 0x09, 0x00, 0x78, 0xAC, 0x00, 0x00, 0x00, 0x78, 0xAC, 0x00,
    0x00, 0x00, 0x78, 0xAC, 0x00, 0x00, 0x00, 0x78, 0xAC, 0x00, 0x00, 0x00, 0x78, 0xAC, 0x00, 0x00,
    0x00, 0x78, 0xAC, 0x00, 0x00, 0x00, 0x13, 0xB0, 0xF5, 0xD3, 0x48, 0xF8, 0x00, 0xB6, 0xBF, 0x32,
    0x4F, 0xD3, 0xF8, 0x1F, 0xFF, 0x1C, 0x00, 0x00, 0x71, 0xF8, 0x4C, 0xE8, 0x00, 0x00, 0x00, 0x38,
    0xF8, 0x4F, 0xE0, 0x00, 0x00, 0x00, 0x34, 0xF8, 0x29, 0xFC, 0x19, 0x00, 0x00, 0x69, 0xF8, 0x00,
    0xC5, 0xBA, 0x34, 0x4C, 0xD7, 0xF8, 0x00, 0x1A, 0xB7, 0xF7, 0xD5, 0x54, 0xF8, 0x00, 0x06, 0x00,
    0x00, 0x00, 0x3C, 0xEB, 0x00, 0xC6, 0x8E, 0x30, 0x3A, 0xC4, 0xA4, 0x00, 0x2D, 0xBE, 0xF5, 0xEF,
    0xA2, 0x0F, 0xFF, 0x24, 0x00, 0x00, 0x00, 0x00, 0xFF, 0x24, 0x00, 0x00, 0x00, 0x00, 0xFF, 0x24,
    0x00, 0x00, 0x00, 0x00, 0xFF, 0x57, 0xD6, 0xF1, 0x9C, 0x05, 0xFF, 0xC0, 0x3A, 0x48, 0xED, 0x66,
    0xFF, 0x46, 0x00, 0x00, 0x8F, 0x9F, 0xFF, 0x25, 0x00, 0x00, 0x78, 0xB0, 0xFF, 0x24, 0x00, 0x00,
    0x78, 0xB0, 0xFF, 0x24, 0x00, 0x00, 0x78, 0xB0, 0xFF, 0x24, 0x00, 0x00, 0x78, 0xB0, 0xFF, 0x24,
    0x00, 0x00, 0x78, 0xB0, 0x11, 0xE3, 0x36, 0x00, 0x15, 0x00, 0x00, 0x00, 0x00, 0x00, 0xFF, 0x24,
    0x00, 0xFF, 0x24, 0x00, 0xFF, 0x24, 0x00, 0xFF, 0x24, 0x00, 0xFF, 0x24, 0x00, 0xFF, 0x24, 0x00,
    0xFF, 0x24, 0x00, 0xFF, 0x24, 0x00, 0x14, 0xE3, 0x33, 0x00, 0x00, 0x15, 0x00, 0x00, 0x00, 0x00,
    0x00, 0x00, 0x00, 0xFF, 0x24, 0x00, 0x00, 0xFF, 0x24, 0x00, 0x00, 0xFF, 0x24, 0x00, 0x00, 0xFF,
    0x24, 0x00, 0x00, 0xFF, 0x24, 0x00, 0x00, 0xFF, 0x24, 0x00, 0x00, 0xFF, 0x24, 0x00, 0x00, 0xFF,
    0x24, 0x00, 0x02, 0xFF, 0x21, 0x08, 0x65, 0xF7, 0x08, 0x2C, 0xEC, 0x66, 0x00, 0xFF, 0x24, 0x00,
    0x00, 0x00, 0x00, 0xFF, 0x24, 0x00, 0x00, 0x00, 0x00, 0xFF, 0x24, 0x00, 0x00, 0x00, 0x00, 0xFF,
    0x24, 0x00, 0x2B, 0xEF, 0x4F, 0xFF, 0x24, 0x17, 0xE0, 0x71, 0x00, 0xFF, 0x2D, 0xC9, 0x95, 0x00,
    0x00, 0xFF, 0xCB, 0xED, 0x07, 0x00, 0x00, 0xFF, 0xB7, 0xE8, 0x7F, 0x00, 0x00, 0xFF, 0x25, 0x49,
    0xFA, 0x37, 0x00, 0xFF, 0x24, 0x00, 0x93, 0xDB, 0x0B, 0xFF, 0x24, 0x00, 0x09, 0xD5, 0x9A, 0xFF,
    0x24, 0xFF, 0x24, 0xFF, 0x24, 0xFF, 0x24, 0xFF, 0x24, 0xFF, 0x24, 0xFF, 0x24, 0xFF, 0x24, 0xFF,
    0x24, 0xFF, 0x24, 0xFF, 0x24, 0xFF, 0x56, 0xDB, 0xEA, 0x4B, 0x51, 0xE0, 0xF1, 0x7A, 0x00, 0xFF,
    0xAE, 0x31, 0x6E, 0xE4, 0xBE, 0x32, 0x5A, 0xFB, 0x2E, 0xFF, 0x3A, 0x00, 0x00, 0xE7, 0x52, 0x00,
    0x00, 0xCA, 0x5E, 0xFF, 0x24, 0x00, 0x00, 0xE0, 0x44, 0x00, 0x00, 0xC0, 0x64, 0xFF, 0x24, 0x00,
    0x00, 0xE0, 0x44, 0x00, 0x00, 0xC0, 0x64, 0xFF, 0x24, 0x00, 0x00, 0xE0, 0x44, 0x00, 0x00, 0xC0,
    0x64, 0xFF, 0x24, 0x00, 0x00, 0xE0, 0x44, 0x00, 0x00, 0xC0, 0x64, 0xFF, 0x24, 0x00, 0x00, 0xE0,
    0x44, 0x00, 0x00, 0xC0, 0x64, 0xFF, 0x4A, 0xD5, 0xF1, 0x9C, 0x05, 0xFF, 0xBA, 0x3A, 0x48, 0xED,
    0x64, 0xFF, 0x46, 0x00, 0x00, 0x8F, 0x9C, 0xFF, 0x25, 0x00, 0x00, 0x78, 0xAC, 0xFF, 0x24, 0x00,
    0x00, 0x78, 0xAC, 0xFF, 0x24, 0x00, 0x00, 0x78, 0xAC, 0xFF, 0x24, 0x00, 0x00, 0x78, 0xAC, 0xFF,
    0x24, 0x00, 0x00, 0x78, 0xAC, 0x00, 0x0E, 0xA3, 0xF1, 0xE8, 0x81, 0x02, 0x00, 0x00, 0xB0, 0xC6,
    0x33, 0x44, 0xE6, 0x7B, 0x00, 0x1F, 0xFF, 0x25, 0x00, 0x00, 0x59, 0xE8, 0x01, 0x4C, 0xE7, 0x00,
    0x00, 0x00, 0x1A, 0xFF, 0x17, 0x4D, 0xE7, 0x00, 0x00, 0x00, 0x19, 0xFF, 0x18, 0x20, 0xFF, 0x23,
    0x00, 0x00, 0x58, 0xE9, 0x02, 0x00, 0xB1, 0xC4, 0x32, 0x42, 0xE4, 0x7D, 0x00, 0x00, 0x0E, 0xA3,
    0xF2, 0xE9, 0x82, 0x02, 0x00, 0xFF, 0x49, 0xD8, 0xF5, 0xAF, 0x12, 0x00, 0xFF, 0xD5, 0x4C, 0x33,
    0xC4, 0xB1, 0x00, 0xFF, 0x67, 0x00, 0x00, 0x25, 0xFE, 0x18, 0xFF, 0x31, 0x00, 0x00, 0x00, 0xEF,
    0x41, 0xFF, 0x32, 0x00, 0x00, 0x00, 0xF1, 0x40, 0xFF, 0x68, 0x00, 0x00, 0x27, 0xFE, 0x18, 0xFF,
    0xD5, 0x4B, 0x33, 0xC4, 0xB0, 0x00, 0xFF, 0x4F, 0xCE, 0xF4, 0xB0, 0x11, 0x00, 0xFF, 0x24, 0x00,
    0x00, 0x00, 0x00, 0x00, 0xFF, 0x24, 0x00, 0x00, 0x00, 0x00, 0x00, 0xFF, 0x24, 0x00, 0x00, 0x00,
    0x00, 0x00, 0x00, 0x17, 0xB5, 0xF6, 0xD3, 0x4A, 0xF4, 0x00, 0xBF, 0xBA, 0x31, 0x51, 0xD8, 0xF4,
    0x26, 0xFF, 0x19, 0x00, 0x00, 0x72, 0xF4, 0x4E, 0xE5, 0x00, 0x00, 0x00, 0x39, 0xF4, 0x4D, 0xE8,
    0x00, 0x00, 0x00, 0x3B, 0xF4, 0x25, 0xFF, 0x1B, 0x00, 0x00, 0x73, 0xF4, 0x00, 0xBF, 0xBD, 0x31,
    0x51, 0xDA, 0xF4, 0x00, 0x17, 0xB5, 0xF6, 0xD2, 0x55, 0xF4, 0x00, 0x00, 0x00, 0x00, 0x00, 0x30,
    0xF4, 0x00, 0x00, 0x00, 0x00, 0x00, 0x30, 0xF4, 0x00, 0x00, 0x00, 0x00, 0x00, 0x30, 0xF4, 0xFF,
    0x60, 0xE2, 0x9B, 0xFF, 0xBE, 0x37, 0x20, 0xFF, 0x3C, 0x00, 0x00, 0xFF, 0x24, 0x00, 0x00, 0xFF,
    0x24, 0x00, 0x00, 0xFF, 0x24, 0x00, 0x00, 0xFF, 0x24, 0x00, 0x00, 0xFF, 0x24, 0x00, 0x00, 0x00,
    0x2D, 0xCC, 0xF8, 0xCF, 0x34, 0x00, 0x03, 0xE9, 0x84, 0x29, 0x88, 0xDE, 0x02, 0x0C, 0xFF, 0x29,
    0x00, 0x02, 0x1E, 0x00, 0x00, 0x9A, 0xEC, 0x9B, 0x51, 0x05, 0x00, 0x00, 0x00, 0x39, 0x87, 0xDD,
    0xC2, 0x03, 0x06, 0x31, 0x00, 0x00, 0x0F, 0xFE, 0x2C, 0x1F, 0xF9, 0x60, 0x28, 0x7D, 0xF4, 0x10,
    0x00, 0x57, 0xDA, 0xF9, 0xD1, 0x43, 0x00, 0x00, 0xD0, 0x58, 0x00, 0x00, 0xD0, 0x58, 0x00, 0xE0,
    0xFF, 0xFF, 0xCC, 0x15, 0xD4, 0x67, 0x13, 0x00, 0xD0, 0x58, 0x00, 0x00, 0xD0, 0x58, 0x00, 0x00,
    0xD0, 0x58, 0x00, 0x00, 0xCF, 0x58, 0x00, 0x00, 0xB9, 0x8A, 0x19, 0x00, 0x3B, 0xDF, 0xE0, 0xFF,
    0x24, 0x00, 0x00, 0x78, 0xB0, 0xFF, 0x24, 0x00, 0x00, 0x78, 0xB0, 0xFF, 0x24, 0x00, 0x00, 0x78,
    0xB0, 0xFF, 0x24, 0x00, 0x00, 0x78, 0xB0, 0xFF, 0x24, 0x00, 0x00, 0x79, 0xB0, 0xF0, 0x3A, 0x00,
    0x00, 0x9A, 0xB0, 0xB7, 0xBF, 0x30, 0x59, 0xE0, 0xB0, 0x25, 0xC7, 0xF6, 0xB3, 0x79, 0xB0, 0x7D,
    0xC0, 0x00, 0x00, 0x00, 0x71, 0xCB, 0x26, 0xFC, 0x14, 0x00, 0x00, 0xC2, 0x74, 0x00, 0xD0, 0x63,
    0x00, 0x16, 0xFC, 0x1F, 0x00, 0x7A, 0xB4, 0x00, 0x65, 0xC6, 0x00, 0x00, 0x23, 0xF8, 0x0D, 0xB6,
    0x6F, 0x00, 0x00, 0x00, 0xCD, 0x57, 0xF5, 0x1B, 0x00, 0x00, 0x00, 0x76, 0xD3, 0xC1, 0x00, 0x00,
    0x00, 0x00, 0x20, 0xFF, 0x6B, 0x00, 0x00, 0x6E, 0xC6, 0x00, 0x00, 0x67, 0xFD, 0x10, 0x00, 0x24,
    0xFC, 0x10, 0x29, 0xFA, 0x0A, 0x00, 0xA4, 0xF5, 0x4C, 0x00, 0x62, 0xC8, 0x00, 0x00, 0xE3, 0x44,
    0x00, 0xE1, 0x95, 0x8A, 0x00, 0xA1, 0x84, 0x00, 0x00, 0x9F, 0x82, 0x1F, 0xE0, 0x3E, 0xC7, 0x00,
    0xE0, 0x3F, 0x00, 0x00, 0x5A, 0xBE, 0x5B, 0xA3, 0x08, 0xF0, 0x24, 0xF5, 0x06, 0x00, 0x00, 0x16,
    0xF2, 0x95, 0x61, 0x00, 0xBE, 0x8D, 0xB6, 0x00, 0x00, 0x00, 0x00, 0xD0, 0xE9, 0x1F, 0x00, 0x7C,
    0xEC, 0x72, 0x00, 0x00, 0x00, 0x00, 0x8B, 0xDD, 0x00, 0x00, 0x39, 0xFF, 0x2E, 0x00, 0x00, 0x29,
    0xF8, 0x2E, 0x00, 0x14, 0xF0, 0x44, 0x00, 0x8D, 0xB9, 0x00, 0x95, 0xAF, 0x00, 0x00, 0x0D, 0xE6,
    0x5B, 0xF1, 0x21, 0x00, 0x00, 0x00, 0x5D, 0xFB, 0x83, 0x00, 0x00, 0x00, 0x00, 0x6F, 0xF9, 0x7F,
    0x00, 0x00, 0x00, 0x1A, 0xF0, 0x4D, 0xF0, 0x26, 0x00, 0x00, 0xAB, 0x9F, 0x00, 0x87, 0xBE, 0x00,
    0x49, 0xF0, 0x17, 0x00, 0x0B, 0xE4, 0x5F, 0x7E, 0xC0, 0x00, 0x00, 0x00, 0x71, 0xCB, 0x27, 0xFC,
    0x14, 0x00, 0x00, 0xC2, 0x74, 0x00, 0xD2, 0x62, 0x00, 0x15, 0xFB, 0x1E, 0x00, 0x7C, 0xB3, 0x00,
    0x64, 0xC5, 0x00, 0x00, 0x25, 0xF7, 0x0C, 0xB5, 0x6E, 0x00, 0x00, 0x00, 0xD0, 0x58, 0xF5, 0x19,
    0x00, 0x00, 0x00, 0x7A, 0xD3, 0xBF, 0x00, 0x00, 0x00, 0x00, 0x23, 0xFF, 0x68, 0x00, 0x00, 0x00,
    0x00, 0x1A, 0xFA, 0x15, 0x00, 0x00, 0x00, 0x27, 0x9B, 0xAF, 0x00, 0x00, 0x00, 0x06, 0xF2, 0xD0,
    0x20, 0x00, 0x00, 0x00, 0x14, 0xFF, 0xFF, 0xFF, 0xFF, 0xFF, 0x3F, 0x02, 0x20, 0x20, 0x20, 0x92,
    0xD9, 0x08, 0x00, 0x00, 0x00, 0x29, 0xF6, 0x3D, 0x00, 0x00, 0x00, 0x02, 0xC7, 0x95, 0x00, 0x00,
    0x00, 0x00, 0x75, 0xE1, 0x0D, 0x00, 0x00, 0x00, 0x26, 0xF6, 0x48, 0x00, 0x00, 0x00, 0x02, 0xC5,
    0xB6, 0x20, 0x20, 0x20, 0x0C, 0x32, 0xFF, 0xFF, 0xFF, 0xFF, 0xFF, 0x60, 0x00, 0x00, 0x15, 0xB8,
    0xB8, 0x00, 0x00, 0x82, 0xC0, 0x24, 0x00, 0x00, 0xAA, 0x64, 0x00, 0x00, 0x00, 0xB4, 0x5C, 0x00,
    0x00, 0x00, 0xB7, 0x5B, 0x00, 0x00, 0x11, 0xE4, 0x3A, 0x00, 0x13, 0xFE, 0x7E, 0x00, 0x00, 0x03,
    0x40, 0xEB, 0x2A, 0x00, 0x00, 0x00, 0xBA, 0x5A, 0x00, 0x00, 0x00, 0xB4, 0x5C, 0x00, 0x00, 0x00,
    0xAE, 0x61, 0x00, 0x00, 0x00, 0x8D, 0xA9, 0x06, 0x00, 0x00, 0x23, 0xDF, 0xC3, 0x00, 0x00, 0x00,
    0x01, 0x13, 0x2C, 0x54, 0x58, 0xA8, 0x58, 0xA8, 0x58, 0xA8, 0x58, 0xA8, 0x58, 0xA8, 0x58, 0xA8,
    0x58, 0xA8, 0x58, 0xA8, 0x58, 0xA8, 0x58, 0xA8, 0x58, 0xA8, 0x58, 0xA8, 0x58, 0xA8, 0x58, 0xA8,
    0x58, 0xA8, 0x58, 0xA8, 0x58, 0xA8, 0x36, 0xE4, 0x68, 0x00, 0x00, 0x07, 0x54, 0xF7, 0x10, 0x00,
    0x00, 0x00, 0xD8, 0x32, 0x00, 0x00, 0x00, 0xD0, 0x3C, 0x00, 0x00, 0x00, 0xCF, 0x3F, 0x00, 0x00,
    0x00, 0xA7, 0x83, 0x02, 0x00, 0x00, 0x1F, 0xD9, 0x9E, 0x00, 0x00, 0x93, 0xA8, 0x20, 0x00, 0x00,
    0xCC, 0x43, 0x00, 0x00, 0x00, 0xD0, 0x3C, 0x00, 0x00, 0x00, 0xD5, 0x36, 0x00, 0x00, 0x2A, 0xF7,
    0x17, 0x00, 0x37, 0xFF, 0x8E, 0x00, 0x00, 0x07, 0x0E, 0x00, 0x00, 0x00, 0x38, 0xDF, 0xC8, 0x1C,
    0x00, 0x61, 0x5D, 0xC1, 0x7D, 0x7F, 0xD2, 0x15, 0xBE, 0x66, 0xCF, 0x1F, 0x00, 0x8A, 0xFE, 0xD9,
    0x0F, 0x00, 0x00, 0x00, 0x00, 0x1A, 0x05, 0x00,
};

static const bos::GlyphData g_inter_reg13_glyphs[95] = {
    { 32, 4, 0, 0, 0, 0, 0 },
    { 33, 4, 1, -11, 2, 11, 0 },
    { 34, 6, 1, -11, 4, 4, 22 },
    { 35, 8, 0, -11, 8, 11, 38 },
    { 36, 8, 0, -12, 8, 14, 126 },
    { 37, 13, 1, -11, 11, 11, 238 },
    { 38, 8, 0, -11, 9, 11, 359 },
    { 39, 4, 1, -11, 2, 4, 458 },
    { 40, 5, 1, -11, 4, 13, 466 },
    { 41, 5, 0, -11, 4, 13, 518 },
    { 42, 7, 0, -11, 6, 6, 570 },
    { 43, 9, 1, -8, 7, 7, 606 },
    { 44, 4, 0, -3, 3, 4, 655 },
    { 45, 6, 0, -5, 6, 2, 667 },
    { 46, 4, 1, -2, 2, 2, 679 },
    { 47, 5, 0, -11, 5, 13, 683 },
    { 48, 8, 0, -11, 8, 11, 748 },
    { 49, 5, 0, -11, 5, 11, 836 },
    { 50, 8, 0, -11, 7, 11, 891 },
    { 51, 8, 0, -11, 8, 11, 968 },
    { 52, 8, 0, -11, 8, 11, 1056 },
    { 53, 8, 0, -11, 7, 11, 1144 },
    { 54, 8, 0, -11, 8, 11, 1221 },
    { 55, 7, 0, -11, 7, 11, 1309 },
    { 56, 8, 0, -11, 8, 11, 1386 },
    { 57, 8, 0, -11, 8, 11, 1474 },
    { 58, 4, 1, -7, 2, 7, 1562 },
    { 59, 4, 0, -7, 3, 8, 1576 },
    { 60, 9, 1, -8, 7, 8, 1600 },
    { 61, 9, 1, -6, 7, 5, 1656 },
    { 62, 9, 1, -8, 7, 8, 1691 },
    { 63, 7, 0, -11, 6, 11, 1747 },
    { 64, 13, 0, -10, 12, 13, 1813 },
    { 65, 9, 0, -11, 9, 11, 1969 },
    { 66, 8, 1, -11, 7, 11, 2068 },
    { 67, 10, 0, -11, 9, 11, 2145 },
    { 68, 9, 1, -11, 8, 11, 2244 },
    { 69, 8, 1, -11, 6, 11, 2332 },
    { 70, 8, 1, -11, 6, 11, 2398 },
    { 71, 10, 0, -11, 9, 11, 2464 },
    { 72, 10, 1, -11, 8, 11, 2563 },
    { 73, 3, 1, -11, 2, 11, 2651 },
    { 74, 7, 0, -11, 7, 11, 2673 },
    { 75, 9, 1, -11, 8, 11, 2750 },
    { 76, 7, 1, -11, 6, 11, 2838 },
    { 77, 12, 1, -11, 10, 11, 2904 },
    { 78, 10, 1, -11, 8, 11, 3014 },
    { 79, 10, 0, -11, 10, 11, 3102 },
    { 80, 8, 1, -11, 7, 11, 3212 },
    { 81, 10, 0, -11, 10, 12, 3289 },
    { 82, 8, 1, -11, 7, 11, 3409 },
    { 83, 8, 0, -11, 8, 11, 3486 },
    { 84, 8, 0, -11, 8, 11, 3574 },
    { 85, 10, 1, -11, 8, 11, 3662 },
    { 86, 9, 0, -11, 9, 11, 3750 },
    { 87, 13, 0, -11, 13, 11, 3849 },
    { 88, 9, 0, -11, 9, 11, 3992 },
    { 89, 9, 0, -11, 9, 11, 4091 },
    { 90, 8, 0, -11, 8, 11, 4190 },
    { 91, 5, 1, -11, 3, 14, 4278 },
    { 92, 5, 0, -11, 5, 13, 4320 },
    { 93, 5, 0, -11, 4, 14, 4385 },
    { 94, 6, 0, -11, 6, 5, 4441 },
    { 95, 6, 0, 0, 6, 2, 4471 },
    { 96, 4, 1, -12, 3, 3, 4483 },
    { 97, 7, 0, -8, 7, 8, 4492 },
    { 98, 8, 1, -11, 7, 11, 4548 },
    { 99, 7, 0, -8, 7, 8, 4625 },
    { 100, 8, 0, -11, 7, 11, 4681 },
    { 101, 8, 0, -8, 7, 8, 4758 },
    { 102, 5, 0, -11, 5, 11, 4814 },
    { 103, 8, 0, -8, 7, 11, 4869 },
    { 104, 8, 1, -11, 6, 11, 4946 },
    { 105, 3, 0, -11, 3, 11, 5012 },
    { 106, 3, -1, -11, 4, 14, 5045 },
    { 107, 7, 1, -11, 6, 11, 5101 },
    { 108, 3, 1, -11, 2, 11, 5167 },
    { 109, 11, 1, -8, 10, 8, 5189 },
    { 110, 8, 1, -8, 6, 8, 5269 },
    { 111, 8, 0, -8, 8, 8, 5317 },
    { 112, 8, 1, -8, 7, 11, 5381 },
    { 113, 8, 0, -8, 7, 11, 5458 },
    { 114, 5, 1, -8, 4, 8, 5535 },
    { 115, 7, 0, -8, 7, 8, 5567 },
    { 116, 4, 0, -10, 4, 10, 5623 },
    { 117, 8, 1, -8, 6, 8, 5663 },
    { 118, 7, 0, -8, 7, 8, 5711 },
    { 119, 11, 0, -8, 11, 8, 5767 },
    { 120, 7, 0, -8, 7, 8, 5855 },
    { 121, 7, 0, -8, 7, 11, 5911 },
    { 122, 7, 0, -8, 7, 8, 5988 },
    { 123, 6, 0, -11, 5, 14, 6044 },
    { 124, 4, 1, -15, 2, 18, 6114 },
    { 125, 6, 0, -11, 5, 14, 6150 },
    { 126, 9, 1, -6, 7, 4, 6220 },
};

static const bos::FontAsset g_font_inter_regular_13 = {
    "Inter",
    bos::FontWeight::Regular,
    13,
    17,
    13,
    4,
    g_inter_reg13_glyphs,
    g_inter_reg13_alpha,
    sizeof(g_inter_reg13_alpha)
};

static const uint8_t g_inter_bold13_alpha[6978] = {
    0xD2, 0xFF, 0x34, 0xCC, 0xFF, 0x2F, 0xC7, 0xFF, 0x2A, 0xC2, 0xFF, 0x25, 0xBD, 0xFF, 0x20, 0xB8,
    0xFF, 0x1B, 0xB3, 0xFF, 0x16, 0x00, 0x00, 0x00, 0x07, 0x16, 0x00, 0xC6, 0xFB, 0x31, 0xAA, 0xEA,
    0x24, 0xB2, 0xFF, 0x15, 0xEE, 0xD9, 0xA5, 0xFF, 0x09, 0xE1, 0xCD, 0x98, 0xFD, 0x00, 0xD4, 0xC1,
    0x8B, 0xF1, 0x00, 0xC7, 0xB5, 0x00, 0x00, 0x75, 0xF8, 0x01, 0x21, 0xFF, 0x4E, 0x00, 0x00, 0x00,
    0x96, 0xD9, 0x00, 0x42, 0xFF, 0x2D, 0x00, 0x00, 0x00, 0xB7, 0xB8, 0x00, 0x63, 0xFF, 0x0C, 0x00,
    0x27, 0xFF, 0xFF, 0xFF, 0xFF, 0xFF, 0xFF, 0xFF, 0x38, 0x2C, 0xAB, 0xFF, 0xCB, 0xA8, 0xE6, 0xE7,
    0xA8, 0x10, 0x00, 0x20, 0xFF, 0x50, 0x00, 0xCD, 0xA4, 0x00, 0x00, 0x00, 0x40, 0xFF, 0x30, 0x00,
    0xEF, 0x84, 0x00, 0x00, 0xB0, 0xFF, 0xFF, 0xFF, 0xFF, 0xFF, 0xFF, 0xAC, 0x00, 0x88, 0xDA, 0xF3,
    0xA8, 0xBF, 0xFF, 0xB7, 0x5C, 0x00, 0x00, 0xB0, 0xBF, 0x00, 0x60, 0xFF, 0x11, 0x00, 0x00, 0x00,
    0xDB, 0x95, 0x00, 0x8B, 0xE8, 0x00, 0x00, 0x00, 0x00, 0x00, 0x00, 0x10, 0xB4, 0x00, 0x00, 0x00,
    0x00, 0x0D, 0x96, 0xF0, 0xFE, 0xDF, 0x6A, 0x00, 0x00, 0xB3, 0xFF, 0xFB, 0xFB, 0xFF, 0xFF, 0x59,
    0x1A, 0xFF, 0xEE, 0x2A, 0xB4, 0x5E, 0xFF, 0xBD, 0x27, 0xFF, 0xE0, 0x14, 0xB4, 0x02, 0x34, 0x2B,
    0x04, 0xE0, 0xFF, 0xDC, 0xCE, 0x1F, 0x00, 0x00, 0x00, 0x30, 0xD4, 0xFF, 0xFF, 0xFC, 0xA7, 0x0E,
    0x00, 0x00, 0x00, 0x43, 0xE4, 0xE8, 0xFF, 0xA0, 0x2D, 0x6C, 0x32, 0x10, 0xB4, 0x1A, 0xFE, 0xEC,
    0x4C, 0xFF, 0xBD, 0x15, 0xB4, 0x36, 0xFF, 0xDD, 0x09, 0xDD, 0xFF, 0xE8, 0xF3, 0xFA, 0xFF, 0x84,
    0x00, 0x24, 0xB2, 0xEE, 0xFE, 0xE1, 0x85, 0x06, 0x00, 0x00, 0x00, 0x10, 0xB4, 0x00, 0x00, 0x00,
    0x1C, 0xD4, 0xF4, 0x77, 0x00, 0x00, 0x00, 0x29, 0xF7, 0x2F, 0x00, 0x00, 0xA0, 0xEE, 0xC6, 0xFE,
    0x20, 0x00, 0x00, 0xBB, 0x94, 0x00, 0x00, 0x00, 0xCC, 0x8A, 0x0F, 0xFF, 0x4C, 0x00, 0x52, 0xEC,
    0x11, 0x00, 0x00, 0x00, 0xB5, 0xA4, 0x2A, 0xFF, 0x32, 0x09, 0xE0, 0x66, 0x00, 0x00, 0x00, 0x00,
    0x4D, 0xFE, 0xFF, 0xC3, 0x03, 0x81, 0xCC, 0x02, 0x00, 0x00, 0x00, 0x00, 0x00, 0x2D, 0x4C, 0x0A,
    0x20, 0xF5, 0x39, 0x19, 0x91, 0x8B, 0x10, 0x00, 0x00, 0x00, 0x00, 0x00, 0xAF, 0xA0, 0x00, 0xBF,
    0xFF, 0xFF, 0xA7, 0x00, 0x00, 0x00, 0x00, 0x46, 0xF1, 0x18, 0x0B, 0xFE, 0x5E, 0x72, 0xF0, 0x00,
    0x00, 0x00, 0x05, 0xD8, 0x71, 0x00, 0x15, 0xFF, 0x42, 0x56, 0xFB, 0x02, 0x00, 0x00, 0x75, 0xD6,
    0x04, 0x00, 0x00, 0xE6, 0xD6, 0xDD, 0xCD, 0x00, 0x00, 0x19, 0xF2, 0x43, 0x00, 0x00, 0x00, 0x4B,
    0xEA, 0xE4, 0x37, 0x00, 0x00, 0x00, 0x86, 0xF0, 0xE5, 0x51, 0x00, 0x00, 0x00, 0x00, 0x58, 0xFF,
    0xD2, 0xE1, 0xF7, 0x1C, 0x00, 0x00, 0x00, 0x9D, 0xFF, 0x11, 0x4D, 0xFF, 0x4F, 0x00, 0x00, 0x00,
    0x95, 0xFF, 0x80, 0xD4, 0xFF, 0x35, 0x00, 0x00, 0x00, 0x42, 0xFF, 0xFF, 0xFF, 0xB2, 0x00, 0x00,
    0x00, 0x00, 0x0E, 0xEA, 0xFF, 0xD0, 0x0E, 0x00, 0x00, 0x00, 0x08, 0xCC, 0xFF, 0xF4, 0xF4, 0x2E,
    0x8B, 0xFF, 0x0B, 0x5D, 0xFF, 0x9F, 0x34, 0xF5, 0xDE, 0xD4, 0xE7, 0x00, 0x70, 0xFF, 0x7C, 0x00,
    0x50, 0xFF, 0xFF, 0x8B, 0x00, 0x26, 0xF9, 0xFA, 0xB5, 0xD4, 0xFF, 0xFF, 0x8F, 0x00, 0x00, 0x46,
    0xCE, 0xF8, 0xE0, 0x81, 0xB0, 0xFF, 0x4D, 0xB2, 0xFF, 0x15, 0xA5, 0xFF, 0x09, 0x98, 0xFD, 0x00,
    0x8B, 0xF1, 0x00, 0x00, 0x8A, 0xFF, 0x4E, 0x06, 0xED, 0xEE, 0x06, 0x43, 0xFF, 0xA4, 0x00, 0x81,
    0xFF, 0x6C, 0x00, 0xB6, 0xFF, 0x38, 0x00, 0xD0, 0xFF, 0x1E, 0x00, 0xE4, 0xFF, 0x0A, 0x00, 0xE1,
    0xFF, 0x11, 0x00, 0xCA, 0xFF, 0x27, 0x00, 0x9A, 0xFF, 0x5C, 0x00, 0x56, 0xFF, 0x9C, 0x00, 0x0A,
    0xF1, 0xE9, 0x03, 0x00, 0x88, 0xFF, 0x4B, 0x68, 0xFF, 0x6E, 0x00, 0x14, 0xFB, 0xD9, 0x00, 0x00,
    0xC0, 0xFF, 0x26, 0x00, 0x89, 0xFF, 0x64, 0x00, 0x54, 0xFF, 0x9A, 0x00, 0x39, 0xFF, 0xB5, 0x00,
    0x23, 0xFF, 0xCB, 0x00, 0x2C, 0xFF, 0xC7, 0x00, 0x44, 0xFF, 0xB0, 0x00, 0x79, 0xFF, 0x7F, 0x00,
    0xB7, 0xFF, 0x3A, 0x0E, 0xF8, 0xDF, 0x01, 0x64, 0xFF, 0x6C, 0x00, 0x00, 0x00, 0xF5, 0x34, 0x00,
    0x00, 0x9D, 0x65, 0xE5, 0x5F, 0xC2, 0x05, 0x6B, 0xE9, 0xFF, 0xF8, 0x91, 0x0C, 0x57, 0xDE, 0xFF,
    0xF3, 0x7B, 0x08, 0xAB, 0x78, 0xE6, 0x6E, 0xD1, 0x09, 0x02, 0x00, 0xF4, 0x34, 0x02, 0x00, 0x00,
    0x00, 0x64, 0xFF, 0x38, 0x00, 0x00, 0x00, 0x00, 0x64, 0xFF, 0x38, 0x00, 0x00, 0x8D, 0xA8, 0xCA,
    0xFF, 0xBB, 0xA8, 0x70, 0xD8, 0xFF, 0xFF, 0xFF, 0xFF, 0xFF, 0xAC, 0x00, 0x00, 0x64, 0xFF, 0x38,
    0x00, 0x00, 0x00, 0x00, 0x64, 0xFF, 0x38, 0x00, 0x00, 0x00, 0x00, 0x64, 0xFF, 0x38, 0x00, 0x00,
    0x00, 0xC3, 0xFD, 0x14, 0x00, 0xE7, 0xC6, 0x00, 0x0B, 0xFF, 0x7B, 0x00, 0x2E, 0xFF, 0x31, 0x00,
    0x12, 0xA8, 0xA8, 0xA8, 0xA8, 0x1F, 0x1C, 0xFF, 0xFF, 0xFF, 0xFF, 0x30, 0x07, 0x14, 0x00, 0xC5,
    0xF8, 0x24, 0xA8, 0xE5, 0x19, 0x00, 0x00, 0x00, 0x6C, 0x68, 0x00, 0x00, 0x0B, 0xFB, 0xA1, 0x00,
    0x00, 0x45, 0xFF, 0x62, 0x00, 0x00, 0x84, 0xFF, 0x24, 0x00, 0x00, 0xC2, 0xE6, 0x00, 0x00, 0x07,
    0xF8, 0xA7, 0x00, 0x00, 0x3F, 0xFF, 0x69, 0x00, 0x00, 0x7D, 0xFF, 0x2A, 0x00, 0x00, 0xBC, 0xEB,
    0x01, 0x00, 0x04, 0xF4, 0xAE, 0x00, 0x00, 0x38, 0xFF, 0x6F, 0x00, 0x00, 0x77, 0xFF, 0x31, 0x00,
    0x00, 0xB5, 0xF0, 0x02, 0x00, 0x00, 0x00, 0x00, 0x6B, 0xDD, 0xF8, 0xCC, 0x42, 0x00, 0x00, 0x00,
    0x66, 0xFF, 0xEC, 0xB5, 0xFA, 0xF8, 0x31, 0x00, 0x03, 0xE7, 0xFE, 0x2D, 0x00, 0x68, 0xFF, 0xAE,
    0x00, 0x35, 0xFF, 0xCE, 0x00, 0x00, 0x0E, 0xFA, 0xF6, 0x02, 0x59, 0xFF, 0xA6, 0x00, 0x00, 0x00,
    0xDF, 0xFF, 0x1D, 0x65, 0xFF, 0x98, 0x00, 0x00, 0x00, 0xD1, 0xFF, 0x28, 0x5A, 0xFF, 0xA5, 0x00,
    0x00, 0x00, 0xDF, 0xFF, 0x1D, 0x35, 0xFF, 0xCB, 0x00, 0x00, 0x0D, 0xFA, 0xF6, 0x02, 0x03, 0xE9,
    0xFE, 0x2F, 0x00, 0x6D, 0xFF, 0xB0, 0x00, 0x00, 0x69, 0xFF, 0xEE, 0xBD, 0xFA, 0xF9, 0x33, 0x00,
    0x00, 0x00, 0x6D, 0xDF, 0xF9, 0xCD, 0x44, 0x00, 0x00, 0x00, 0x17, 0xCC, 0xFF, 0xC0, 0x22, 0xDE,
    0xFF, 0xFF, 0xC0, 0x68, 0xF4, 0x82, 0xFF, 0xC0, 0x49, 0x2D, 0x30, 0xFF, 0xC0, 0x00, 0x00, 0x30,
    0xFF, 0xC0, 0x00, 0x00, 0x30, 0xFF, 0xC0, 0x00, 0x00, 0x30, 0xFF, 0xC0, 0x00, 0x00, 0x30, 0xFF,
    0xC0, 0x00, 0x00, 0x30, 0xFF, 0xC0, 0x00, 0x00, 0x30, 0xFF, 0xC0, 0x00, 0x00, 0x30, 0xFF, 0xC0,
    0x00, 0x14, 0xA3, 0xF0, 0xF1, 0xAB, 0x1A, 0x00, 0x00, 0xC2, 0xFF, 0xCD, 0xCB, 0xFF, 0xD0, 0x02,
    0x2A, 0xFF, 0xC4, 0x01, 0x00, 0xBD, 0xFF, 0x3A, 0x1E, 0x70, 0x40, 0x00, 0x00, 0x92, 0xFF, 0x4C,
    0x00, 0x00, 0x00, 0x00, 0x07, 0xDC, 0xFE, 0x1E, 0x00, 0x00, 0x00, 0x00, 0x95, 0xFF, 0xA5, 0x00,
    0x00, 0x00, 0x00, 0x72, 0xFF, 0xDC, 0x10, 0x00, 0x00, 0x00, 0x59, 0xFE, 0xEC, 0x26, 0x00, 0x00,
    0x00, 0x43, 0xF9, 0xF8, 0x3C, 0x00, 0x00, 0x00, 0x1D, 0xF1, 0xFF, 0xDF, 0xA8, 0xA8, 0xA8, 0x51,
    0x38, 0xFF, 0xFF, 0xFF, 0xFF, 0xFF, 0xFF, 0x7C, 0x00, 0x08, 0x8B, 0xE7, 0xF5, 0xBA, 0x26, 0x00,
    0x00, 0xA0, 0xFF, 0xDC, 0xBE, 0xFF, 0xE3, 0x0C, 0x12, 0xFD, 0xDF, 0x08, 0x00, 0xA0, 0xFF, 0x57,
    0x0B, 0x44, 0x2F, 0x00, 0x00, 0x77, 0xFF, 0x68, 0x00, 0x00, 0x00, 0x00, 0x1F, 0xD5, 0xFC, 0x28,
    0x00, 0x00, 0x00, 0xDC, 0xFF, 0xF0, 0x4F, 0x00, 0x00, 0x00, 0x00, 0x90, 0xBB, 0xFC, 0xE8, 0x30,
    0x00, 0x00, 0x00, 0x00, 0x00, 0x66, 0xFF, 0xAF, 0x44, 0xE0, 0xA7, 0x00, 0x00, 0x60, 0xFF, 0xBB,
    0x0B, 0xE3, 0xFF, 0xCD, 0xB6, 0xF9, 0xFF, 0x57, 0x00, 0x21, 0xAA, 0xEE, 0xF7, 0xCC, 0x57, 0x00,
    0x00, 0x00, 0x00, 0x00, 0xAE, 0xFF, 0xFF, 0x08, 0x00, 0x00, 0x00, 0x00, 0x38, 0xFF, 0xFF, 0xFF,
    0x08, 0x00, 0x00, 0x00, 0x00, 0xC2, 0xFB, 0xE9, 0xFF, 0x08, 0x00, 0x00, 0x00, 0x4E, 0xFF, 0x98,
    0xCC, 0xFF, 0x08, 0x00, 0x00, 0x03, 0xD4, 0xF6, 0x1A, 0xCC, 0xFF, 0x08, 0x00, 0x00, 0x63, 0xFF,
    0x88, 0x00, 0xCC, 0xFF, 0x08, 0x00, 0x09, 0xE4, 0xEF, 0x11, 0x00, 0xCC, 0xFF, 0x08, 0x00, 0x55,
    0xFF, 0xE9, 0xBC, 0xBC, 0xF2, 0xFF, 0xBE, 0x26, 0x5C, 0xFF, 0xFF, 0xFF, 0xFF, 0xFF, 0xFF, 0xFF,
    0x34, 0x00, 0x00, 0x00, 0x00, 0x00, 0xD4, 0xFF, 0x08, 0x00, 0x00, 0x00, 0x00, 0x00, 0x00, 0xD4,
    0xFF, 0x08, 0x00, 0x00, 0xCA, 0xFF, 0xFF, 0xFF, 0xFF, 0xF8, 0x00, 0x00, 0xDD, 0xF1, 0xA8, 0xA8,
    0xA8, 0xA2, 0x00, 0x00, 0xF1, 0xC8, 0x00, 0x00, 0x00, 0x00, 0x00, 0x04, 0xFF, 0xB5, 0x00, 0x00,
    0x00, 0x00, 0x00, 0x17, 0xFF, 0xB9, 0xBA, 0xF7, 0xCB, 0x35, 0x00, 0x2A, 0xFF, 0xFF, 0xC4, 0xCD,
    0xFF, 0xEA, 0x0F, 0x01, 0x22, 0x37, 0x00, 0x00, 0xAF, 0xFF, 0x5C, 0x01, 0x04, 0x01, 0x00, 0x00,
    0x6E, 0xFF, 0x74, 0x53, 0xFF, 0xA7, 0x00, 0x00, 0xAB, 0xFF, 0x50, 0x0B, 0xE3, 0xFF, 0xC6, 0xC9,
    0xFF, 0xD6, 0x06, 0x00, 0x22, 0xB0, 0xF2, 0xF0, 0xAA, 0x1A, 0x00, 0x00, 0x00, 0x56, 0xD5, 0xF6,
    0xCB, 0x42, 0x00, 0x00, 0x4E, 0xFE, 0xEB, 0xB4, 0xFA, 0xF8, 0x2D, 0x00, 0xD6, 0xFB, 0x26, 0x00,
    0x67, 0xFF, 0x9A, 0x25, 0xFF, 0xBF, 0x00, 0x00, 0x06, 0x24, 0x1A, 0x51, 0xFF, 0x95, 0x84, 0xEE,
    0xE8, 0x75, 0x00, 0x62, 0xFF, 0xE2, 0xE9, 0xB8, 0xF9, 0xFF, 0x5B, 0x5D, 0xFF, 0xEF, 0x19, 0x00,
    0x56, 0xFF, 0xBD, 0x3F, 0xFF, 0xC2, 0x00, 0x00, 0x12, 0xFF, 0xD4, 0x09, 0xF1, 0xEF, 0x18, 0x00,
    0x56, 0xFF, 0xAC, 0x00, 0x79, 0xFF, 0xE8, 0xB7, 0xF9, 0xFC, 0x3A, 0x00, 0x00, 0x75, 0xE1, 0xF8,
    0xCB, 0x46, 0x00, 0x88, 0xFF, 0xFF, 0xFF, 0xFF, 0xFF, 0xFF, 0x14, 0x59, 0xA8, 0xA8, 0xA8, 0xAA,
    0xFE, 0xFE, 0x0F, 0x00, 0x00, 0x00, 0x00, 0x4B, 0xFF, 0xB8, 0x00, 0x00, 0x00, 0x00, 0x00, 0xB7,
    0xFF, 0x4D, 0x00, 0x00, 0x00, 0x00, 0x24, 0xFE, 0xDE, 0x02, 0x00, 0x00, 0x00, 0x00, 0x8F, 0xFF,
    0x75, 0x00, 0x00, 0x00, 0x00, 0x0B, 0xEF, 0xF6, 0x12, 0x00, 0x00, 0x00, 0x00, 0x67, 0xFF, 0x9D,
    0x00, 0x00, 0x00, 0x00, 0x00, 0xD2, 0xFF, 0x31, 0x00, 0x00, 0x00, 0x00, 0x3F, 0xFF, 0xC5, 0x00,
    0x00, 0x00, 0x00, 0x00, 0xAA, 0xFF, 0x59, 0x00, 0x00, 0x00, 0x00, 0x00, 0x06, 0x88, 0xE6, 0xF6,
    0xC0, 0x31, 0x00, 0x00, 0x95, 0xFF, 0xE0, 0xBC, 0xFF, 0xEE, 0x18, 0x02, 0xF7, 0xF5, 0x13, 0x00,
    0x96, 0xFF, 0x6C, 0x05, 0xFD, 0xDE, 0x00, 0x00, 0x6B, 0xFF, 0x76, 0x00, 0xB5, 0xFE, 0x4E, 0x15,
    0xC9, 0xFC, 0x2C, 0x00, 0x15, 0xCD, 0xFF, 0xFF, 0xFA, 0x5D, 0x00, 0x00, 0x9F, 0xFF, 0xD4, 0xB5,
    0xF9, 0xE8, 0x27, 0x46, 0xFF, 0xC7, 0x01, 0x00, 0x56, 0xFF, 0xBB, 0x5B, 0xFF, 0xC2, 0x00, 0x00,
    0x50, 0xFF, 0xD3, 0x13, 0xEA, 0xFF, 0xD0, 0xB3, 0xF7, 0xFF, 0x75, 0x00, 0x26, 0xAC, 0xED, 0xF8,
    0xD2, 0x68, 0x00, 0x00, 0x10, 0x9C, 0xEC, 0xF4, 0xB0, 0x20, 0x00, 0x01, 0xC3, 0xFF, 0xDA, 0xC6,
    0xFF, 0xDF, 0x0D, 0x3A, 0xFF, 0xC9, 0x05, 0x00, 0x97, 0xFF, 0x6E, 0x61, 0xFF, 0x87, 0x00, 0x00,
    0x4F, 0xFF, 0xB2, 0x4B, 0xFF, 0xC4, 0x03, 0x00, 0x98, 0xFF, 0xD0, 0x09, 0xE3, 0xFF, 0xD3, 0xC7,
    0xE1, 0xFF, 0xD5, 0x00, 0x2E, 0xC8, 0xF7, 0xC6, 0x48, 0xFF, 0xC4, 0x0C, 0x2C, 0x1B, 0x00, 0x00,
    0x4E, 0xFF, 0x96, 0x28, 0xFF, 0xD6, 0x03, 0x00, 0xB0, 0xFF, 0x47, 0x00, 0xB3, 0xFF, 0xD1, 0xC7,
    0xFF, 0xBC, 0x00, 0x00, 0x0D, 0x9A, 0xEF, 0xED, 0x9D, 0x0F, 0x00, 0x07, 0x14, 0x00, 0xC5, 0xF8,
    0x24, 0xA8, 0xE5, 0x19, 0x00, 0x00, 0x00, 0x00, 0x00, 0x00, 0x07, 0x14, 0x00, 0xC5, 0xF8, 0x24,
    0xA8, 0xE5, 0x19, 0x00, 0x04, 0x17, 0x00, 0x00, 0xA9, 0xFD, 0x3B, 0x00, 0x8D, 0xED, 0x2C, 0x00,
    0x00, 0x00, 0x00, 0x00, 0x00, 0x00, 0x00, 0x00, 0x00, 0x00, 0x00, 0x00, 0xC3, 0xFD, 0x14, 0x00,
    0xE7, 0xC6, 0x00, 0x0B, 0xFF, 0x7B, 0x00, 0x2E, 0xFF, 0x31, 0x00, 0x00, 0x00, 0x00, 0x00, 0x00,
    0x0C, 0x2A, 0x00, 0x00, 0x00, 0x1D, 0x8A, 0xEF, 0x84, 0x00, 0x35, 0xA6, 0xFB, 0xFF, 0xCE, 0x41,
    0xBC, 0xFF, 0xF7, 0xA0, 0x37, 0x00, 0x00, 0xF4, 0xFF, 0xA7, 0x2C, 0x00, 0x00, 0x00, 0x37, 0xA9,
    0xFB, 0xFF, 0xC2, 0x5A, 0x06, 0x00, 0x00, 0x1E, 0x8B, 0xEF, 0xFF, 0x82, 0x00, 0x00, 0x00, 0x00,
    0x0C, 0x6D, 0x64, 0xC0, 0xFF, 0xFF, 0xFF, 0xFF, 0xFF, 0x94, 0x7E, 0xA8, 0xA8, 0xA8, 0xA8, 0xA8,
    0x61, 0x00, 0x00, 0x00, 0x00, 0x00, 0x00, 0x00, 0x7E, 0xA8, 0xA8, 0xA8, 0xA8, 0xA8, 0x61, 0xC0,
    0xFF, 0xFF, 0xFF, 0xFF, 0xFF, 0x94, 0x32, 0x04, 0x00, 0x00, 0x00, 0x00, 0x00, 0xB4, 0xE2, 0x75,
    0x0F, 0x00, 0x00, 0x00, 0x60, 0xDF, 0xFF, 0xF3, 0x91, 0x22, 0x00, 0x00, 0x02, 0x4A, 0xB3, 0xFC,
    0xFD, 0x8F, 0x00, 0x00, 0x00, 0x3B, 0xBE, 0xFF, 0xC4, 0x0F, 0x6C, 0xD3, 0xFF, 0xF3, 0x93, 0x24,
    0xB2, 0xFF, 0xE2, 0x76, 0x10, 0x00, 0x00, 0x81, 0x58, 0x04, 0x00, 0x00, 0x00, 0x00, 0x00, 0x47,
    0xD0, 0xF8, 0xDB, 0x62, 0x00, 0x22, 0xF8, 0xF9, 0xB5, 0xF5, 0xFF, 0x44, 0x6D, 0xFF, 0x7A, 0x00,
    0x69, 0xFF, 0x98, 0x09, 0x14, 0x06, 0x00, 0x6F, 0xFF, 0x97, 0x00, 0x00, 0x00, 0x40, 0xF4, 0xFF,
    0x42, 0x00, 0x00, 0x1F, 0xF7, 0xFB, 0x6B, 0x00, 0x00, 0x00, 0x72, 0xFF, 0x6F, 0x00, 0x00, 0x00,
    0x00, 0x6A, 0xCC, 0x27, 0x00, 0x00, 0x00, 0x00, 0x04, 0x19, 0x00, 0x00, 0x00, 0x00, 0x00, 0xA6,
    0xFF, 0x4F, 0x00, 0x00, 0x00, 0x00, 0x8B, 0xF1, 0x3D, 0x00, 0x00, 0x00, 0x00, 0x00, 0x2A, 0x9C,
    0xDA, 0xF7, 0xEB, 0xB5, 0x4D, 0x00, 0x00, 0x00, 0x00, 0x00, 0x58, 0xF9, 0xFF, 0xD3, 0xAF, 0xBD,
    0xF0, 0xFF, 0x9E, 0x02, 0x00, 0x00, 0x2F, 0xFC, 0xDE, 0x35, 0x00, 0x00, 0x00, 0x0C, 0x95, 0xFF,
    0x7A, 0x00, 0x00, 0xB8, 0xF6, 0x25, 0x00, 0x00, 0x00, 0x00, 0x00, 0x00, 0xB9, 0xF3, 0x10, 0x11,
    0xFB, 0x9D, 0x00, 0x37, 0xD1, 0xF0, 0x9F, 0xE3, 0x6C, 0x45, 0xFF, 0x57, 0x44, 0xFF, 0x58, 0x0B,
    0xE8, 0xF0, 0xB4, 0xEB, 0xFF, 0x6C, 0x08, 0xFF, 0x87, 0x5B, 0xFF, 0x3B, 0x4D, 0xFF, 0x3E, 0x00,
    0x2E, 0xFF, 0x6C, 0x00, 0xF2, 0x97, 0x5E, 0xFF, 0x3B, 0x66, 0xFF, 0x04, 0x00, 0x01, 0xFD, 0x6C,
    0x00, 0xF6, 0x8B, 0x48, 0xFF, 0x55, 0x51, 0xFF, 0x25, 0x00, 0x1F, 0xFF, 0x6C, 0x17, 0xFF, 0x63,
    0x1B, 0xFE, 0x95, 0x10, 0xF0, 0xCB, 0x70, 0xC7, 0xFA, 0xC1, 0xAD, 0xF8, 0x18, 0x00, 0xC9, 0xF2,
    0x1E, 0x44, 0xD8, 0xF7, 0xA7, 0x5B, 0xEC, 0xE8, 0x5A, 0x00, 0x00, 0x41, 0xFE, 0xD7, 0x31, 0x00,
    0x00, 0x00, 0x00, 0x03, 0x00, 0x00, 0x00, 0x00, 0x00, 0x6C, 0xFC, 0xFF, 0xD3, 0xAF, 0xB6, 0xD8,
    0x9C, 0x00, 0x00, 0x00, 0x00, 0x00, 0x00, 0x32, 0x9F, 0xDC, 0xF7, 0xEB, 0xCA, 0x72, 0x00, 0x00,
    0x00, 0x00, 0x00, 0x00, 0x9A, 0xFF, 0xFF, 0x3A, 0x00, 0x00, 0x00, 0x00, 0x00, 0x00, 0xE4, 0xFE,
    0xFF, 0x87, 0x00, 0x00, 0x00, 0x00, 0x00, 0x30, 0xFF, 0xBC, 0xFF, 0xD4, 0x00, 0x00, 0x00, 0x00,
    0x00, 0x7C, 0xFF, 0x76, 0xDB, 0xFF, 0x21, 0x00, 0x00, 0x00, 0x00, 0xC7, 0xFF, 0x3E, 0xA1, 0xFF,
    0x6E, 0x00, 0x00, 0x00, 0x14, 0xFD, 0xFA, 0x09, 0x64, 0xFF, 0xBB, 0x00, 0x00, 0x00, 0x5D, 0xFF,
    0xC4, 0x00, 0x21, 0xFF, 0xFA, 0x0E, 0x00, 0x00, 0xA9, 0xFF, 0xFF, 0xFF, 0xFF, 0xFF, 0xFF, 0x55,
    0x00, 0x04, 0xEF, 0xFF, 0xB8, 0xB0, 0xB0, 0xD2, 0xFF, 0xA2, 0x00, 0x3F, 0xFF, 0xE6, 0x01, 0x00,
    0x00, 0x3A, 0xFF, 0xEC, 0x03, 0x8A, 0xFF, 0x9A, 0x00, 0x00, 0x00, 0x01, 0xE6, 0xFF, 0x3D, 0x24,
    0xFF, 0xFF, 0xFF, 0xFC, 0xDB, 0x6D, 0x00, 0x00, 0x24, 0xFF, 0xEE, 0xA8, 0xB1, 0xF9, 0xFF, 0x52,
    0x00, 0x24, 0xFF, 0xCC, 0x00, 0x00, 0x6C, 0xFF, 0xA4, 0x00, 0x24, 0xFF, 0xCC, 0x00, 0x00, 0x47,
    0xFF, 0xAD, 0x00, 0x24, 0xFF, 0xCC, 0x00, 0x0C, 0xAE, 0xFF, 0x5A, 0x00, 0x24, 0xFF, 0xFF, 0xFF,
    0xFF, 0xFF, 0x89, 0x00, 0x00, 0x24, 0xFF, 0xEE, 0xA8, 0xAC, 0xE8, 0xFF, 0x73, 0x00, 0x24, 0xFF,
    0xCC, 0x00, 0x00, 0x19, 0xFA, 0xF7, 0x06, 0x24, 0xFF, 0xCC, 0x00, 0x00, 0x0D, 0xF5, 0xFF, 0x0C,
    0x24, 0xFF, 0xEE, 0xA8, 0xAB, 0xE0, 0xFF, 0xBE, 0x00, 0x24, 0xFF, 0xFF, 0xFF, 0xFF, 0xF0, 0xAA,
    0x18, 0x00, 0x00, 0x00, 0x2A, 0xAF, 0xEE, 0xF1, 0xB6, 0x32, 0x00, 0x00, 0x00, 0x2F, 0xF1, 0xFF,
    0xC9, 0xC0, 0xFF, 0xF7, 0x37, 0x00, 0x00, 0xC6, 0xFF, 0x6F, 0x00, 0x00, 0x63, 0xFF, 0xC0, 0x00,
    0x22, 0xFF, 0xE0, 0x02, 0x00, 0x00, 0x03, 0xA0, 0x9F, 0x02, 0x51, 0xFF, 0xAA, 0x00, 0x00, 0x00,
    0x00, 0x00, 0x00, 0x00, 0x62, 0xFF, 0x96, 0x00, 0x00, 0x00, 0x00, 0x00, 0x00, 0x00, 0x51, 0xFF,
    0xA9, 0x00, 0x00, 0x00, 0x00, 0x00, 0x00, 0x00, 0x23, 0xFF, 0xDD, 0x01, 0x00, 0x00, 0x03, 0xA6,
    0xA7, 0x02, 0x00, 0xC8, 0xFF, 0x6A, 0x00, 0x00, 0x66, 0xFF, 0xBA, 0x00, 0x00, 0x31, 0xF3, 0xFF,
    0xC7, 0xC1, 0xFF, 0xF3, 0x2D, 0x00, 0x00, 0x00, 0x2E, 0xB3, 0xEF, 0xF1, 0xB4, 0x2C, 0x00, 0x00,
    0x24, 0xFF, 0xFF, 0xFF, 0xF5, 0xCD, 0x5F, 0x00, 0x00, 0x24, 0xFF, 0xEE, 0xA8, 0xBC, 0xF3, 0xFF,
    0x86, 0x00, 0x24, 0xFF, 0xCC, 0x00, 0x00, 0x21, 0xDF, 0xFD, 0x2D, 0x24, 0xFF, 0xCC, 0x00, 0x00,
    0x00, 0x69, 0xFF, 0x87, 0x24, 0xFF, 0xCC, 0x00, 0x00, 0x00, 0x35, 0xFF, 0xB5, 0x24, 0xFF, 0xCC,
    0x00, 0x00, 0x00, 0x27, 0xFF, 0xC6, 0x24, 0xFF, 0xCC, 0x00, 0x00, 0x00, 0x35, 0xFF, 0xB5, 0x24,
    0xFF, 0xCC, 0x00, 0x00, 0x00, 0x69, 0xFF, 0x87, 0x24, 0xFF, 0xCC, 0x00, 0x00, 0x21, 0xDF, 0xFD,
    0x2E, 0x24, 0xFF, 0xEE, 0xA8, 0xBB, 0xF3, 0xFF, 0x88, 0x00, 0x24, 0xFF, 0xFF, 0xFF, 0xF5, 0xCD,
    0x62, 0x00, 0x00, 0x24, 0xFF, 0xFF, 0xFF, 0xFF, 0xFF, 0xFF, 0x30, 0x24, 0xFF, 0xEE, 0xA8, 0xA8,
    0xA8, 0xA8, 0x1F, 0x24, 0xFF, 0xCC, 0x00, 0x00, 0x00, 0x00, 0x00, 0x24, 0xFF, 0xCC, 0x00, 0x00,
    0x00, 0x00, 0x00, 0x24, 0xFF, 0xCC, 0x00, 0x00, 0x00, 0x00, 0x00, 0x24, 0xFF, 0xFF, 0xFF, 0xFF,
    0xFF, 0xDC, 0x00, 0x24, 0xFF, 0xEE, 0xA8, 0xA8, 0xA8, 0x90, 0x00, 0x24, 0xFF, 0xCC, 0x00, 0x00,
    0x00, 0x00, 0x00, 0x24, 0xFF, 0xCC, 0x00, 0x00, 0x00, 0x00, 0x00, 0x24, 0xFF, 0xEE, 0xA8, 0xA8,
    0xA8, 0xA8, 0x22, 0x24, 0xFF, 0xFF, 0xFF, 0xFF, 0xFF, 0xFF, 0x34, 0x24, 0xFF, 0xFF, 0xFF, 0xFF,
    0xFF, 0xFF, 0x14, 0x24, 0xFF, 0xEE, 0xA8, 0xA8, 0xA8, 0xA8, 0x0D, 0x24, 0xFF, 0xCC, 0x00, 0x00,
    0x00, 0x00, 0x00, 0x24, 0xFF, 0xCC, 0x00, 0x00, 0x00, 0x00, 0x00, 0x24, 0xFF, 0xCC, 0x00, 0x00,
    0x00, 0x00, 0x00, 0x24, 0xFF, 0xEE, 0xA8, 0xA8, 0xA8, 0x6E, 0x00, 0x24, 0xFF, 0xFF, 0xFF, 0xFF,
    0xFF, 0xA8, 0x00, 0x24, 0xFF, 0xCC, 0x00, 0x00, 0x00, 0x00, 0x00, 0x24, 0xFF, 0xCC, 0x00, 0x00,
    0x00, 0x00, 0x00, 0x24, 0xFF, 0xCC, 0x00, 0x00, 0x00, 0x00, 0x00, 0x24, 0xFF, 0xCC, 0x00, 0x00,
    0x00, 0x00, 0x00, 0x00, 0x00, 0x28, 0xAD, 0xED, 0xF1, 0xB4, 0x2D, 0x00, 0x00, 0x00, 0x2C, 0xEF,
    0xFF, 0xCA, 0xC0, 0xFF, 0xF4, 0x2F, 0x00, 0x00, 0xC4, 0xFF, 0x73, 0x00, 0x00, 0x70, 0xFF, 0xBA,
    0x00, 0x21, 0xFF, 0xE1, 0x03, 0x00, 0x00, 0x06, 0x8E, 0x8A, 0x00, 0x51, 0xFF, 0xAA, 0x00, 0x00,
    0x00, 0x00, 0x00, 0x00, 0x00, 0x62, 0xFF, 0x96, 0x00, 0x00, 0x88, 0xA8, 0xA8, 0xA8, 0x15, 0x52,
    0xFF, 0xAA, 0x00, 0x00, 0xD0, 0xFF, 0xFF, 0xFF, 0x1E, 0x24, 0xFF, 0xE0, 0x02, 0x00, 0x00, 0x00,
    0xD6, 0xFF, 0x09, 0x00, 0xC8, 0xFF, 0x70, 0x00, 0x00, 0x44, 0xFF, 0xC5, 0x00, 0x00, 0x31, 0xF2,
    0xFF, 0xCA, 0xBB, 0xFB, 0xFA, 0x3C, 0x00, 0x00, 0x00, 0x2E, 0xB1, 0xEE, 0xF2, 0xBC, 0x3A, 0x00,
    0x00, 0x24, 0xFF, 0xCC, 0x00, 0x00, 0x00, 0x18, 0xFF, 0xDC, 0x24, 0xFF, 0xCC, 0x00, 0x00, 0x00,
    0x18, 0xFF, 0xDC, 0x24, 0xFF, 0xCC, 0x00, 0x00, 0x00, 0x18, 0xFF, 0xDC, 0x24, 0xFF, 0xCC, 0x00,
    0x00, 0x00, 0x18, 0xFF, 0xDC, 0x24, 0xFF, 0xCC, 0x00, 0x00, 0x00, 0x18, 0xFF, 0xDC, 0x24, 0xFF,
    0xFF, 0xFF, 0xFF, 0xFF, 0xFF, 0xFF, 0xDC, 0x24, 0xFF, 0xEE, 0xA8, 0xA8, 0xA8, 0xB0, 0xFF, 0xDC,
    0x24, 0xFF, 0xCC, 0x00, 0x00, 0x00, 0x18, 0xFF, 0xDC, 0x24, 0xFF, 0xCC, 0x00, 0x00, 0x00, 0x18,
    0xFF, 0xDC, 0x24, 0xFF, 0xCC, 0x00, 0x00, 0x00, 0x18, 0xFF, 0xDC, 0x24, 0xFF, 0xCC, 0x00, 0x00,
    0x00, 0x18, 0xFF, 0xDC, 0x24, 0xFF, 0xCC, 0x24, 0xFF, 0xCC, 0x24, 0xFF, 0xCC, 0x24, 0xFF, 0xCC,
    0x24, 0xFF, 0xCC, 0x24, 0xFF, 0xCC, 0x24, 0xFF, 0xCC, 0x24, 0xFF, 0xCC, 0x24, 0xFF, 0xCC, 0x24,
    0xFF, 0xCC, 0x24, 0xFF, 0xCC, 0x00, 0x00, 0x00, 0x00, 0x2C, 0xFF, 0xBC, 0x00, 0x00, 0x00, 0x00,
    0x2C, 0xFF, 0xBC, 0x00, 0x00, 0x00, 0x00, 0x2C, 0xFF, 0xBC, 0x00, 0x00, 0x00, 0x00, 0x2C, 0xFF,
    0xBC, 0x00, 0x00, 0x00, 0x00, 0x2C, 0xFF, 0xBC, 0x00, 0x00, 0x00, 0x00, 0x2C, 0xFF, 0xBC, 0x00,
    0x00, 0x00, 0x00, 0x2C, 0xFF, 0xBC, 0x87, 0xF4, 0x5C, 0x00, 0x2D, 0xFF, 0xB8, 0x71, 0xFF, 0x89,
    0x00, 0x57, 0xFF, 0x99, 0x22, 0xF7, 0xFD, 0xC1, 0xF3, 0xFF, 0x41, 0x00, 0x46, 0xCD, 0xF5, 0xD8,
    0x61, 0x00, 0x24, 0xFF, 0xCC, 0x00, 0x00, 0x04, 0xC8, 0xFF, 0x8E, 0x24, 0xFF, 0xCC, 0x00, 0x00,
    0x88, 0xFF, 0xCD, 0x06, 0x24, 0xFF, 0xCC, 0x00, 0x43, 0xFD, 0xF4, 0x26, 0x00, 0x24, 0xFF, 0xCA,
    0x10, 0xE5, 0xFF, 0x60, 0x00, 0x00, 0x24, 0xFF, 0xC6, 0x9B, 0xFF, 0xAA, 0x00, 0x00, 0x00, 0x24,
    0xFF, 0xE9, 0xFD, 0xFF, 0xC3, 0x00, 0x00, 0x00, 0x24, 0xFF, 0xFF, 0xD8, 0xD5, 0xFF, 0x5C, 0x00,
    0x00, 0x24, 0xFF, 0xF4, 0x29, 0x46, 0xFF, 0xE6, 0x0D, 0x00, 0x24, 0xFF, 0xCC, 0x00, 0x00, 0xB3,
    0xFF, 0x8C, 0x00, 0x24, 0xFF, 0xCC, 0x00, 0x00, 0x26, 0xFA, 0xFA, 0x29, 0x24, 0xFF, 0xCC, 0x00,
    0x00, 0x00, 0x8D, 0xFF, 0xBB, 0x24, 0xFF, 0xCC, 0x00, 0x00, 0x00, 0x00, 0x24, 0xFF, 0xCC, 0x00,
    0x00, 0x00, 0x00, 0x24, 0xFF, 0xCC, 0x00, 0x00, 0x00, 0x00, 0x24, 0xFF, 0xCC, 0x00, 0x00, 0x00,
    0x00, 0x24, 0xFF, 0xCC, 0x00, 0x00, 0x00, 0x00, 0x24, 0xFF, 0xCC, 0x00, 0x00, 0x00, 0x00, 0x24,
    0xFF, 0xCC, 0x00, 0x00, 0x00, 0x00, 0x24, 0xFF, 0xCC, 0x00, 0x00, 0x00, 0x00, 0x24, 0xFF, 0xCC,
    0x00, 0x00, 0x00, 0x00, 0x24, 0xFF, 0xF4, 0xC8, 0xC8, 0xC8, 0xAF, 0x24, 0xFF, 0xFF, 0xFF, 0xFF,
    0xFF, 0xE0, 0x24, 0xFF, 0xFF, 0xF3, 0x07, 0x00, 0x00, 0x00, 0xDE, 0xFF, 0xFF, 0x44, 0x24, 0xFF,
    0xFF, 0xFF, 0x47, 0x00, 0x00, 0x2B, 0xFF, 0xFF, 0xFF, 0x44, 0x24, 0xFF, 0xEC, 0xFF, 0x95, 0x00,
    0x00, 0x78, 0xFF, 0xE8, 0xFF, 0x44, 0x24, 0xFF, 0xC0, 0xF5, 0xE2, 0x00, 0x00, 0xC4, 0xFD, 0xB4,
    0xFF, 0x44, 0x24, 0xFF, 0xC1, 0xB8, 0xFF, 0x30, 0x14, 0xFD, 0xD0, 0xA9, 0xFF, 0x44, 0x24, 0xFF,
    0xC6, 0x73, 0xFF, 0x76, 0x56, 0xFF, 0x8C, 0xAE, 0xFF, 0x44, 0x24, 0xFF, 0xC8, 0x27, 0xFF, 0xAE,
    0x8F, 0xFF, 0x40, 0xB0, 0xFF, 0x44, 0x24, 0xFF, 0xC8, 0x00, 0xD8, 0xE2, 0xC2, 0xED, 0x04, 0xB0,
    0xFF, 0x44, 0x24, 0xFF, 0xC8, 0x00, 0x88, 0xFF, 0xF7, 0xA3, 0x00, 0xB0, 0xFF, 0x44, 0x24, 0xFF,
    0xC8, 0x00, 0x38, 0xFF, 0xFF, 0x55, 0x00, 0xB0, 0xFF, 0x44, 0x24, 0xFF, 0xC8, 0x00, 0x01, 0xE6,
    0xF9, 0x0D, 0x00, 0xB0, 0xFF, 0x44, 0x24, 0xFF, 0xFF, 0x47, 0x00, 0x00, 0x00, 0xEC, 0xFF, 0x0C,
    0x24, 0xFF, 0xFF, 0xCE, 0x01, 0x00, 0x00, 0xEC, 0xFF, 0x0C, 0x24, 0xFF, 0xFF, 0xFF, 0x59, 0x00,
    0x00, 0xEC, 0xFF, 0x0C, 0x24, 0xFF, 0xCD, 0xF5, 0xDC, 0x05, 0x00, 0xEC, 0xFF, 0x0C, 0x24, 0xFF,
    0xC8, 0x94, 0xFF, 0x6A, 0x00, 0xEC, 0xFF, 0x0C, 0x24, 0xFF, 0xD4, 0x1E, 0xF9, 0xE7, 0x0A, 0xEB,
    0xFF, 0x0C, 0x24, 0xFF, 0xD7, 0x00, 0x90, 0xFF, 0x70, 0xE5, 0xFF, 0x0C, 0x24, 0xFF, 0xD8, 0x00,
    0x14, 0xF0, 0xDC, 0xDB, 0xFF, 0x0C, 0x24, 0xFF, 0xD8, 0x00, 0x00, 0x79, 0xFF, 0xFB, 0xFF, 0x0C,
    0x24, 0xFF, 0xD8, 0x00, 0x00, 0x09, 0xE4, 0xFF, 0xFF, 0x0C, 0x24, 0xFF, 0xD8, 0x00, 0x00, 0x00,
    0x62, 0xFF, 0xFF, 0x0C, 0x00, 0x00, 0x29, 0xAD, 0xED, 0xEE, 0xB0, 0x2C, 0x00, 0x00, 0x00, 0x2E,
    0xF0, 0xFF, 0xC9, 0xC7, 0xFE, 0xF2, 0x32, 0x00, 0x00, 0xC6, 0xFF, 0x6E, 0x00, 0x00, 0x68, 0xFF,
    0xCA, 0x00, 0x22, 0xFF, 0xE0, 0x02, 0x00, 0x00, 0x01, 0xDB, 0xFF, 0x26, 0x51, 0xFF, 0xAA, 0x00,
    0x00, 0x00, 0x00, 0xA7, 0xFF, 0x54, 0x62, 0xFF, 0x96, 0x00, 0x00, 0x00, 0x00, 0x92, 0xFF, 0x66,
    0x51, 0xFF, 0xA9, 0x00, 0x00, 0x00, 0x00, 0xA6, 0xFF, 0x54, 0x23, 0xFF, 0xDE, 0x02, 0x00, 0x00,
    0x01, 0xDB, 0xFF, 0x27, 0x00, 0xC7, 0xFF, 0x6C, 0x00, 0x00, 0x68, 0xFF, 0xCB, 0x00, 0x00, 0x2F,
    0xF1, 0xFF, 0xC8, 0xC6, 0xFE, 0xF3, 0x33, 0x00, 0x00, 0x00, 0x2B, 0xB0, 0xEE, 0xEF, 0xB3, 0x2F,
    0x00, 0x00, 0x24, 0xFF, 0xFF, 0xFF, 0xFC, 0xD8, 0x5C, 0x00, 0x24, 0xFF, 0xEE, 0xA8, 0xB8, 0xFB,
    0xFF, 0x4D, 0x24, 0xFF, 0xCC, 0x00, 0x00, 0x68, 0xFF, 0xBA, 0x24, 0xFF, 0xCC, 0x00, 0x00, 0x1F,
    0xFF, 0xE3, 0x24, 0xFF, 0xCC, 0x00, 0x00, 0x2D, 0xFF, 0xDB, 0x24, 0xFF, 0xCC, 0x00, 0x10, 0xA9,
    0xFF, 0x9E, 0x24, 0xFF, 0xFF, 0xFF, 0xFF, 0xFF, 0xEA, 0x21, 0x24, 0xFF, 0xEE, 0xA8, 0xA4, 0x80,
    0x1B, 0x00, 0x24, 0xFF, 0xCC, 0x00, 0x00, 0x00, 0x00, 0x00, 0x24, 0xFF, 0xCC, 0x00, 0x00, 0x00,
    0x00, 0x00, 0x24, 0xFF, 0xCC, 0x00, 0x00, 0x00, 0x00, 0x00, 0x00, 0x00, 0x29, 0xAD, 0xED, 0xEE,
    0xB0, 0x2C, 0x00, 0x00, 0x00, 0x2E, 0xF0, 0xFF, 0xF7, 0xF7, 0xFF, 0xF2, 0x31, 0x00, 0x00, 0xC6,
    0xFF, 0x95, 0x06, 0x06, 0x91, 0xFF, 0xC8, 0x00, 0x22, 0xFF, 0xE7, 0x06, 0x00, 0x00, 0x05, 0xE4,
    0xFF, 0x25, 0x51, 0xFF, 0xAB, 0x00, 0x00, 0x00, 0x00, 0xA8, 0xFF, 0x53, 0x62, 0xFF, 0x96, 0x00,
    0x00, 0x00, 0x00, 0x93, 0xFF, 0x66, 0x51, 0xFF, 0xAB, 0x00, 0x00, 0x00, 0x00, 0xAB, 0xFF, 0x59,
    0x23, 0xFF, 0xE6, 0x06, 0x43, 0xC8, 0x48, 0xE6, 0xFF, 0x29, 0x00, 0xC7, 0xFF, 0x93, 0x07, 0xBE,
    0xF9, 0xFF, 0xCE, 0x00, 0x00, 0x2F, 0xF1, 0xFF, 0xF7, 0xF1, 0xFF, 0xFE, 0x3B, 0x00, 0x00, 0x00,
    0x2B, 0xB0, 0xEE, 0xF4, 0xCD, 0xFF, 0x7A, 0x00, 0x00, 0x00, 0x00, 0x00, 0x00, 0x00, 0x00, 0x5B,
    0x7A, 0x0E, 0x24, 0xFF, 0xFF, 0xFF, 0xFB, 0xD6, 0x65, 0x00, 0x00, 0x24, 0xFF, 0xEE, 0xA8, 0xB5,
    0xF8, 0xFF, 0x57, 0x00, 0x24, 0xFF, 0xCC, 0x00, 0x00, 0x54, 0xFF, 0xC1, 0x00, 0x24, 0xFF, 0xCC,
    0x00, 0x00, 0x1C, 0xFF, 0xE3, 0x00, 0x24, 0xFF, 0xCC, 0x00, 0x00, 0x51, 0xFF, 0xCD, 0x00, 0x24,
    0xFF, 0xEE, 0xA8, 0xB4, 0xF8, 0xFF, 0x6D, 0x00, 0x24, 0xFF, 0xFF, 0xFF, 0xFF, 0xFF, 0x95, 0x01,
    0x00, 0x24, 0xFF, 0xCC, 0x00, 0x77, 0xFF, 0xA2, 0x00, 0x00, 0x24, 0xFF, 0xCC, 0x00, 0x0F, 0xF2,
    0xFB, 0x1E, 0x00, 0x24, 0xFF, 0xCC, 0x00, 0x00, 0x8F, 0xFF, 0x90, 0x00, 0x24, 0xFF, 0xCC, 0x00,
    0x00, 0x1E, 0xFB, 0xF4, 0x13, 0x00, 0x08, 0x87, 0xE3, 0xF8, 0xD4, 0x60, 0x00, 0x00, 0xA8, 0xFF,
    0xDA, 0xB2, 0xF3, 0xFF, 0x5A, 0x17, 0xFE, 0xE3, 0x06, 0x00, 0x3A, 0xFF, 0xC0, 0x28, 0xFF, 0xEC,
    0x1A, 0x00, 0x00, 0x14, 0x10, 0x06, 0xE6, 0xFF, 0xF7, 0xA6, 0x4F, 0x02, 0x00, 0x00, 0x3A, 0xE2,
    0xFF, 0xFF, 0xFF, 0xD5, 0x20, 0x00, 0x00, 0x04, 0x4C, 0x9B, 0xF3, 0xFF, 0xB6, 0x28, 0x60, 0x2C,
    0x00, 0x00, 0x25, 0xFF, 0xEE, 0x49, 0xFF, 0xB5, 0x01, 0x00, 0x27, 0xFF, 0xD4, 0x09, 0xD5, 0xFF,
    0xD5, 0xB1, 0xF0, 0xFF, 0x6C, 0x00, 0x1C, 0x9F, 0xE3, 0xF5, 0xD3, 0x67, 0x01, 0x88, 0xFF, 0xFF,
    0xFF, 0xFF, 0xFF, 0xFF, 0xFF, 0x34, 0x59, 0xA8, 0xA8, 0xDF, 0xFF, 0xC3, 0xA8, 0xA8, 0x22, 0x00,
    0x00, 0x00, 0xA0, 0xFF, 0x50, 0x00, 0x00, 0x00, 0x00, 0x00, 0x00, 0xA0, 0xFF, 0x50, 0x00, 0x00,
    0x00, 0x00, 0x00, 0x00, 0xA0, 0xFF, 0x50, 0x00, 0x00, 0x00, 0x00, 0x00, 0x00, 0xA0, 0xFF, 0x50,
    0x00, 0x00, 0x00, 0x00, 0x00, 0x00, 0xA0, 0xFF, 0x50, 0x00, 0x00, 0x00, 0x00, 0x00, 0x00, 0xA0,
    0xFF, 0x50, 0x00, 0x00, 0x00, 0x00, 0x00, 0x00, 0xA0, 0xFF, 0x50, 0x00, 0x00, 0x00, 0x00, 0x00,
    0x00, 0xA0, 0xFF, 0x50, 0x00, 0x00, 0x00, 0x00, 0x00, 0x00, 0xA0, 0xFF, 0x50, 0x00, 0x00, 0x00,
    0x24, 0xFF, 0xCC, 0x00, 0x00, 0x00, 0x48, 0xFF, 0xAC, 0x24, 0xFF, 0xCC, 0x00, 0x00, 0x00, 0x48,
    0xFF, 0xAC, 0x24, 0xFF, 0xCC, 0x00, 0x00, 0x00, 0x48, 0xFF, 0xAC, 0x24, 0xFF, 0xCC, 0x00, 0x00,
    0x00, 0x48, 0xFF, 0xAC, 0x24, 0xFF, 0xCC, 0x00, 0x00, 0x00, 0x48, 0xFF, 0xAC, 0x24, 0xFF, 0xCC,
    0x00, 0x00, 0x00, 0x48, 0xFF, 0xAC, 0x24, 0xFF, 0xCC, 0x00, 0x00, 0x00, 0x48, 0xFF, 0xAC, 0x17,
    0xFF, 0xDB, 0x00, 0x00, 0x00, 0x57, 0xFF, 0x9E, 0x01, 0xE1, 0xFE, 0x3E, 0x00, 0x03, 0xB6, 0xFF,
    0x68, 0x00, 0x60, 0xFF, 0xF7, 0xB7, 0xD6, 0xFF, 0xD8, 0x0B, 0x00, 0x00, 0x57, 0xCD, 0xF7, 0xEA,
    0x9F, 0x16, 0x00, 0x8A, 0xFF, 0x9B, 0x00, 0x00, 0x00, 0x00, 0xE3, 0xFF, 0x3D, 0x3C, 0xFF, 0xE3,
    0x00, 0x00, 0x00, 0x29, 0xFF, 0xEE, 0x03, 0x03, 0xEC, 0xFF, 0x2C, 0x00, 0x00, 0x6F, 0xFF, 0xA7,
    0x00, 0x00, 0xA2, 0xFF, 0x74, 0x00, 0x00, 0xB5, 0xFF, 0x5C, 0x00, 0x00, 0x55, 0xFF, 0xBC, 0x00,
    0x06, 0xF4, 0xFD, 0x13, 0x00, 0x00, 0x0E, 0xFA, 0xF8, 0x09, 0x3E, 0xFF, 0xC5, 0x00, 0x00, 0x00,
    0x00, 0xBB, 0xFF, 0x43, 0x7D, 0xFF, 0x7A, 0x00, 0x00, 0x00, 0x00, 0x6E, 0xFF, 0x81, 0xB8, 0xFF,
    0x2F, 0x00, 0x00, 0x00, 0x00, 0x21, 0xFF, 0xBE, 0xEE, 0xE3, 0x00, 0x00, 0x00, 0x00, 0x00, 0x00,
    0xD4, 0xFD, 0xFF, 0x98, 0x00, 0x00, 0x00, 0x00, 0x00, 0x00, 0x87, 0xFF, 0xFF, 0x4D, 0x00, 0x00,
    0x00, 0x93, 0xFF, 0x85, 0x00, 0x00, 0x60, 0xFF, 0xDA, 0x00, 0x00, 0x0C, 0xFD, 0xFD, 0x10, 0x58,
    0xFF, 0xB8, 0x00, 0x00, 0x96, 0xFF, 0xFF, 0x12, 0x00, 0x3F, 0xFF, 0xD2, 0x00, 0x1D, 0xFF, 0xEB,
    0x00, 0x00, 0xCC, 0xFF, 0xFF, 0x47, 0x00, 0x73, 0xFF, 0x97, 0x00, 0x00, 0xE2, 0xFF, 0x1F, 0x08,
    0xFA, 0xD0, 0xFF, 0x7E, 0x00, 0xA7, 0xFF, 0x5C, 0x00, 0x00, 0xA7, 0xFF, 0x53, 0x39, 0xFF, 0x83,
    0xFB, 0xB4, 0x00, 0xDB, 0xFF, 0x20, 0x00, 0x00, 0x6C, 0xFF, 0x85, 0x6E, 0xFF, 0x4C, 0xD0, 0xE9,
    0x0E, 0xFE, 0xE5, 0x00, 0x00, 0x00, 0x31, 0xFF, 0xB2, 0x9E, 0xFF, 0x14, 0x98, 0xFF, 0x50, 0xFF,
    0xAA, 0x00, 0x00, 0x00, 0x03, 0xF3, 0xDA, 0xC8, 0xD9, 0x00, 0x5E, 0xFF, 0xA2, 0xFF, 0x6F, 0x00,
    0x00, 0x00, 0x00, 0xBB, 0xFA, 0xEF, 0xA0, 0x00, 0x25, 0xFF, 0xEB, 0xFF, 0x33, 0x00, 0x00, 0x00,
    0x00, 0x80, 0xFF, 0xFF, 0x66, 0x00, 0x00, 0xEA, 0xFF, 0xF4, 0x04, 0x00, 0x00, 0x00, 0x00, 0x45,
    0xFF, 0xFF, 0x2C, 0x00, 0x00, 0xB1, 0xFF, 0xBD, 0x00, 0x00, 0x00, 0x20, 0xF7, 0xFC, 0x29, 0x00,
    0x00, 0x7B, 0xFF, 0xB6, 0x00, 0x00, 0x86, 0xFF, 0xB1, 0x00, 0x16, 0xF2, 0xFB, 0x29, 0x00, 0x00,
    0x0C, 0xE7, 0xFF, 0x35, 0x8B, 0xFF, 0x92, 0x00, 0x00, 0x00, 0x00, 0x63, 0xFF, 0xB4, 0xF2, 0xED,
    0x12, 0x00, 0x00, 0x00, 0x00, 0x02, 0xCE, 0xFF, 0xFF, 0x6E, 0x00, 0x00, 0x00, 0x00, 0x00, 0x00,
    0x6E, 0xFF, 0xFD, 0x16, 0x00, 0x00, 0x00, 0x00, 0x00, 0x0B, 0xE2, 0xFF, 0xFF, 0x95, 0x00, 0x00,
    0x00, 0x00, 0x00, 0x8A, 0xFF, 0x9D, 0xED, 0xFD, 0x32, 0x00, 0x00, 0x00, 0x2B, 0xFA, 0xF2, 0x17,
    0x75, 0xFF, 0xC7, 0x01, 0x00, 0x00, 0xC1, 0xFF, 0x74, 0x00, 0x07, 0xDD, 0xFF, 0x61, 0x00, 0x5E,
    0xFF, 0xD7, 0x05, 0x00, 0x00, 0x52, 0xFF, 0xEA, 0x10, 0x70, 0xFF, 0xCD, 0x00, 0x00, 0x00, 0x49,
    0xFF, 0xE7, 0x08, 0x08, 0xE5, 0xFF, 0x43, 0x00, 0x00, 0xBB, 0xFF, 0x70, 0x00, 0x00, 0x6D, 0xFF,
    0xB8, 0x00, 0x2C, 0xFF, 0xE8, 0x09, 0x00, 0x00, 0x07, 0xE3, 0xFF, 0x2D, 0x9D, 0xFF, 0x72, 0x00,
    0x00, 0x00, 0x00, 0x6A, 0xFF, 0xA5, 0xF7, 0xE9, 0x0A, 0x00, 0x00, 0x00, 0x00, 0x06, 0xE1, 0xFF,
    0xFF, 0x74, 0x00, 0x00, 0x00, 0x00, 0x00, 0x00, 0x67, 0xFF, 0xEB, 0x0B, 0x00, 0x00, 0x00, 0x00,
    0x00, 0x00, 0x30, 0xFF, 0xC0, 0x00, 0x00, 0x00, 0x00, 0x00, 0x00, 0x00, 0x30, 0xFF, 0xC0, 0x00,
    0x00, 0x00, 0x00, 0x00, 0x00, 0x00, 0x30, 0xFF, 0xC0, 0x00, 0x00, 0x00, 0x00, 0x00, 0x00, 0x00,
    0x30, 0xFF, 0xC0, 0x00, 0x00, 0x00, 0x00, 0x48, 0xFF, 0xFF, 0xFF, 0xFF, 0xFF, 0xFF, 0xE8, 0x2F,
    0xA8, 0xA8, 0xA8, 0xA8, 0xD4, 0xFF, 0xB6, 0x00, 0x00, 0x00, 0x00, 0x10, 0xE6, 0xFA, 0x28, 0x00,
    0x00, 0x00, 0x00, 0x97, 0xFF, 0x8E, 0x00, 0x00, 0x00, 0x00, 0x30, 0xFD, 0xE9, 0x0F, 0x00, 0x00,
    0x00, 0x00, 0xC1, 0xFF, 0x63, 0x00, 0x00, 0x00, 0x00, 0x58, 0xFF, 0xCB, 0x02, 0x00, 0x00, 0x00,
    0x0A, 0xE2, 0xFE, 0x39, 0x00, 0x00, 0x00, 0x00, 0x83, 0xFF, 0x96, 0x00, 0x00, 0x00, 0x00, 0x1D,
    0xF7, 0xFF, 0xB3, 0xA8, 0xA8, 0xA8, 0x9A, 0x44, 0xFF, 0xFF, 0xFF, 0xFF, 0xFF, 0xFF, 0xEC, 0xD8,
    0xFF, 0xFF, 0x40, 0xD8, 0xFE, 0xA8, 0x2A, 0xD8, 0xFC, 0x00, 0x00, 0xD8, 0xFC, 0x00, 0x00, 0xD8,
    0xFC, 0x00, 0x00, 0xD8, 0xFC, 0x00, 0x00, 0xD8, 0xFC, 0x00, 0x00, 0xD8, 0xFC, 0x00, 0x00, 0xD8,
    0xFC, 0x00, 0x00, 0xD8, 0xFC, 0x00, 0x00, 0xD8, 0xFC, 0x00, 0x00, 0xD8, 0xFE, 0xA8, 0x2A, 0xD8,
    0xFF, 0xFF, 0x40, 0x62, 0x71, 0x00, 0x00, 0x00, 0x96, 0xFE, 0x13, 0x00, 0x00, 0x58, 0xFF, 0x50,
    0x00, 0x00, 0x19, 0xFF, 0x8E, 0x00, 0x00, 0x00, 0xDB, 0xCD, 0x00, 0x00, 0x00, 0x9C, 0xFC, 0x0E,
    0x00, 0x00, 0x5E, 0xFF, 0x4A, 0x00, 0x00, 0x1F, 0xFF, 0x88, 0x00, 0x00, 0x00, 0xE1, 0xC6, 0x00,
    0x00, 0x00, 0xA3, 0xFA, 0x0A, 0x00, 0x00, 0x64, 0xFF, 0x43, 0x00, 0x00, 0x26, 0xFF, 0x82, 0x00,
    0x00, 0x00, 0xE6, 0xC0, 0x5C, 0xFF, 0xFF, 0xC0, 0x3C, 0xB0, 0xFF, 0xC0, 0x00, 0x18, 0xFF, 0xC0,
    0x00, 0x18, 0xFF, 0xC0, 0x00, 0x18, 0xFF, 0xC0, 0x00, 0x18, 0xFF, 0xC0, 0x00, 0x18, 0xFF, 0xC0,
    0x00, 0x18, 0xFF, 0xC0, 0x00, 0x18, 0xFF, 0xC0, 0x00, 0x18, 0xFF, 0xC0, 0x00, 0x18, 0xFF, 0xC0,
    0x3C, 0xB0, 0xFF, 0xC0, 0x5C, 0xFF, 0xFF, 0xC0, 0x00, 0x00, 0x5C, 0x7E, 0x06, 0x00, 0x00, 0x14,
    0xF7, 0xFF, 0x5E, 0x00, 0x00, 0x7A, 0xE5, 0x99, 0xCD, 0x00, 0x04, 0xE4, 0x81, 0x2E, 0xFF, 0x3C,
    0x58, 0xFD, 0x1E, 0x00, 0xC7, 0xAC, 0xA8, 0xA8, 0xA8, 0xA8, 0xA8, 0xA8, 0x1F, 0xFF, 0xFF, 0xFF,
    0xFF, 0xFF, 0xFF, 0x30, 0x79, 0x9C, 0x04, 0x23, 0xEE, 0x67, 0x00, 0x36, 0xC3, 0xF5, 0xE6, 0x89,
    0x03, 0x12, 0xF0, 0xFA, 0xB4, 0xE1, 0xFF, 0x77, 0x17, 0x6A, 0x4F, 0x00, 0x3D, 0xFF, 0xB4, 0x00,
    0x29, 0x78, 0xA8, 0xDF, 0xFF, 0xBC, 0x38, 0xFA, 0xE4, 0x8E, 0x74, 0xFF, 0xBC, 0x86, 0xFF, 0x53,
    0x00, 0x52, 0xFF, 0xBC, 0x68, 0xFF, 0xE7, 0xB5, 0xE2, 0xFF, 0xBC, 0x06, 0xA3, 0xF3, 0xDD, 0x46,
    0xFF, 0xBC, 0x30, 0xFF, 0xB8, 0x00, 0x00, 0x00, 0x00, 0x00, 0x30, 0xFF, 0xB8, 0x00, 0x00, 0x00,
    0x00, 0x00, 0x30, 0xFF, 0xB8, 0x00, 0x00, 0x00, 0x00, 0x00, 0x30, 0xFF, 0xB8, 0x83, 0xED, 0xDB,
    0x4C, 0x00, 0x30, 0xFF, 0xEE, 0xE0, 0xBF, 0xFF, 0xF9, 0x22, 0x30, 0xFF, 0xF0, 0x11, 0x00, 0xA0,
    0xFF, 0x7C, 0x30, 0xFF, 0xB8, 0x00, 0x00, 0x55, 0xFF, 0xA1, 0x30, 0xFF, 0xB8, 0x00, 0x00, 0x55,
    0xFF, 0xA1, 0x30, 0xFF, 0xF0, 0x11, 0x00, 0xA0, 0xFF, 0x7A, 0x30, 0xFF, 0xED, 0xDF, 0xBF, 0xFF,
    0xF8, 0x20, 0x30, 0xFF, 0xB0, 0x87, 0xEF, 0xDC, 0x4D, 0x00, 0x00, 0x15, 0xA9, 0xF0, 0xEB, 0x9F,
    0x11, 0x00, 0x02, 0xCA, 0xFF, 0xCF, 0xCC, 0xFF, 0xB3, 0x00, 0x40, 0xFF, 0xC9, 0x03, 0x02, 0xC6,
    0xBA, 0x08, 0x70, 0xFF, 0x81, 0x00, 0x00, 0x00, 0x00, 0x00, 0x71, 0xFF, 0x81, 0x00, 0x00, 0x00,
    0x00, 0x00, 0x42, 0xFF, 0xC9, 0x02, 0x02, 0xCB, 0xC2, 0x0A, 0x03, 0xCB, 0xFF, 0xCE, 0xCC, 0xFF,
    0xB5, 0x00, 0x00, 0x16, 0xA9, 0xF0, 0xED, 0xA1, 0x12, 0x00, 0x00, 0x00, 0x00, 0x00, 0x00, 0x84,
    0xFF, 0x60, 0x00, 0x00, 0x00, 0x00, 0x00, 0x84, 0xFF, 0x60, 0x00, 0x00, 0x00, 0x00, 0x00, 0x84,
    0xFF, 0x60, 0x00, 0x2F, 0xCB, 0xF2, 0xA3, 0x8A, 0xFF, 0x60, 0x08, 0xE2, 0xFF, 0xD0, 0xD0, 0xED,
    0xFF, 0x60, 0x4C, 0xFF, 0xCD, 0x03, 0x04, 0xD0, 0xFF, 0x60, 0x72, 0xFF, 0x85, 0x00, 0x00, 0x89,
    0xFF, 0x60, 0x72, 0xFF, 0x85, 0x00, 0x00, 0x8A, 0xFF, 0x60, 0x4D, 0xFF, 0xCC, 0x03, 0x04, 0xD1,
    0xFF, 0x60, 0x09, 0xE3, 0xFF, 0xCF, 0xD0, 0xEC, 0xFF, 0x60, 0x00, 0x30, 0xCC, 0xF3, 0xA7, 0x83,
    0xFF, 0x60, 0x00, 0x14, 0xA7, 0xF1, 0xEB, 0x8E, 0x07, 0x00, 0x02, 0xC8, 0xFF, 0xBF, 0xCA, 0xFF,
    0x98, 0x00, 0x40, 0xFF, 0x96, 0x00, 0x00, 0xC1, 0xF8, 0x0E, 0x70, 0xFF, 0xFF, 0xFF, 0xFF, 0xFF,
    0xFF, 0x32, 0x70, 0xFF, 0xCE, 0xA8, 0xA8, 0xA8, 0xA8, 0x29, 0x44, 0xFF, 0xA5, 0x00, 0x00, 0x55,
    0x45, 0x04, 0x03, 0xCF, 0xFF, 0xC7, 0xC4, 0xFF, 0xD1, 0x01, 0x00, 0x17, 0xA9, 0xF0, 0xEF, 0xAD,
    0x1B, 0x00, 0x00, 0x09, 0xAA, 0xF4, 0xDD, 0x01, 0x00, 0x73, 0xFF, 0xDA, 0x8E, 0x00, 0x00, 0x9C,
    0xFF, 0x50, 0x00, 0x00, 0xE0, 0xFF, 0xFF, 0xFF, 0xC4, 0x00, 0x93, 0xDF, 0xFF, 0xC0, 0x80, 0x00,
    0x00, 0xA0, 0xFF, 0x48, 0x00, 0x00, 0x00, 0xA0, 0xFF, 0x48, 0x00, 0x00, 0x00, 0xA0, 0xFF, 0x48,
    0x00, 0x00, 0x00, 0xA0, 0xFF, 0x48, 0x00, 0x00, 0x00, 0xA0, 0xFF, 0x48, 0x00, 0x00, 0x00, 0xA0,
    0xFF, 0x48, 0x00, 0x00, 0x00, 0x2A, 0xC8, 0xF2, 0xA6, 0x80, 0xFF, 0x68, 0x07, 0xDD, 0xFF, 0xD0,
    0xD0, 0xEB, 0xFF, 0x68, 0x49, 0xFF, 0xCE, 0x04, 0x04, 0xD0, 0xFF, 0x68, 0x71, 0xFF, 0x85, 0x00,
    0x00, 0x89, 0xFF, 0x68, 0x73, 0xFF, 0x84, 0x00, 0x00, 0x88, 0xFF, 0x68, 0x52, 0xFF, 0xC9, 0x02,
    0x02, 0xCA, 0xFF, 0x68, 0x0C, 0xE8, 0xFF, 0xCE, 0xCE, 0xEB, 0xFF, 0x68, 0x00, 0x36, 0xCF, 0xF7,
    0xAD, 0x7F, 0xFF, 0x67, 0x00, 0x23, 0x30, 0x00, 0x00, 0x9F, 0xFF, 0x51, 0x0E, 0xED, 0xFA, 0xB6,
    0xC1, 0xFF, 0xE8, 0x0C, 0x00, 0x31, 0xBD, 0xF2, 0xF3, 0xB7, 0x2B, 0x00, 0x30, 0xFF, 0xAC, 0x00,
    0x00, 0x00, 0x00, 0x00, 0x30, 0xFF, 0xAC, 0x00, 0x00, 0x00, 0x00, 0x00, 0x30, 0xFF, 0xAC, 0x00,
    0x00, 0x00, 0x00, 0x00, 0x30, 0xFF, 0xAC, 0x85, 0xF1, 0xDC, 0x47, 0x00, 0x30, 0xFF, 0xEC, 0xD6,
    0xC6, 0xFF, 0xED, 0x0C, 0x30, 0xFF, 0xE3, 0x06, 0x00, 0xC9, 0xFF, 0x37, 0x30, 0xFF, 0xB9, 0x00,
    0x00, 0xA1, 0xFF, 0x48, 0x30, 0xFF, 0xB8, 0x00, 0x00, 0xA0, 0xFF, 0x48, 0x30, 0xFF, 0xB8, 0x00,
    0x00, 0xA0, 0xFF, 0x48, 0x30, 0xFF, 0xB8, 0x00, 0x00, 0xA0, 0xFF, 0x48, 0x30, 0xFF, 0xB8, 0x00,
    0x00, 0xA0, 0xFF, 0x48, 0x0E, 0x8C, 0x4D, 0x26, 0xE6, 0x94, 0x00, 0x00, 0x00, 0x30, 0xFF, 0xB8,
    0x30, 0xFF, 0xB8, 0x30, 0xFF, 0xB8, 0x30, 0xFF, 0xB8, 0x30, 0xFF, 0xB8, 0x30, 0xFF, 0xB8, 0x30,
    0xFF, 0xB8, 0x30, 0xFF, 0xB8, 0x00, 0x0E, 0x8C, 0x4D, 0x00, 0x26, 0xE6, 0x94, 0x00, 0x00, 0x00,
    0x00, 0x00, 0x30, 0xFF, 0xB8, 0x00, 0x30, 0xFF, 0xB8, 0x00, 0x30, 0xFF, 0xB8, 0x00, 0x30, 0xFF,
    0xB8, 0x00, 0x30, 0xFF, 0xB8, 0x00, 0x30, 0xFF, 0xB8, 0x00, 0x30, 0xFF, 0xB8, 0x00, 0x30, 0xFF,
    0xB8, 0x00, 0x3D, 0xFF, 0xB1, 0x35, 0xD9, 0xFF, 0x83, 0x50, 0xF1, 0xAB, 0x0E, 0x30, 0xFF, 0xB8,
    0x00, 0x00, 0x00, 0x00, 0x00, 0x30, 0xFF, 0xB8, 0x00, 0x00, 0x00, 0x00, 0x00, 0x30, 0xFF, 0xB8,
    0x00, 0x00, 0x00, 0x00, 0x00, 0x30, 0xFF, 0xB8, 0x00, 0x3D, 0xFC, 0xE3, 0x14, 0x30, 0xFF, 0xB8,
    0x13, 0xE3, 0xFC, 0x3C, 0x00, 0x30, 0xFF, 0xB8, 0xB2, 0xFF, 0x79, 0x00, 0x00, 0x30, 0xFF, 0xFA,
    0xFF, 0xDE, 0x01, 0x00, 0x00, 0x30, 0xFF, 0xFF, 0xF8, 0xFF, 0x4E, 0x00, 0x00, 0x30, 0xFF, 0xCD,
    0x4E, 0xFF, 0xE1, 0x0B, 0x00, 0x30, 0xFF, 0xB8, 0x00, 0xAE, 0xFF, 0x8C, 0x00, 0x30, 0xFF, 0xB8,
    0x00, 0x1C, 0xF3, 0xFB, 0x30, 0x30, 0xFF, 0xB8, 0x30, 0xFF, 0xB8, 0x30, 0xFF, 0xB8, 0x30, 0xFF,
    0xB8, 0x30, 0xFF, 0xB8, 0x30, 0xFF, 0xB8, 0x30, 0xFF, 0xB8, 0x30, 0xFF, 0xB8, 0x30, 0xFF, 0xB8,
    0x30, 0xFF, 0xB8, 0x30, 0xFF, 0xB8, 0x30, 0xFF, 0x9B, 0x93, 0xF4, 0xBD, 0x0E, 0x93, 0xF3, 0xD4,
    0x34, 0x00, 0x30, 0xFF, 0xEC, 0xCA, 0xDB, 0xFF, 0xCC, 0xD3, 0xD0, 0xFF, 0xD0, 0x00, 0x30, 0xFF,
    0xDA, 0x02, 0x17, 0xFF, 0xEF, 0x08, 0x07, 0xF0, 0xFD, 0x05, 0x30, 0xFF, 0xB8, 0x00, 0x00, 0xFC,
    0xD8, 0x00, 0x00, 0xDC, 0xFF, 0x0C, 0x30, 0xFF, 0xB8, 0x00, 0x00, 0xFC, 0xD8, 0x00, 0x00, 0xDC,
    0xFF, 0x0C, 0x30, 0xFF, 0xB8, 0x00, 0x00, 0xFC, 0xD8, 0x00, 0x00, 0xDC, 0xFF, 0x0C, 0x30, 0xFF,
    0xB8, 0x00, 0x00, 0xFC, 0xD8, 0x00, 0x00, 0xDC, 0xFF, 0x0C, 0x30, 0xFF, 0xB8, 0x00, 0x00, 0xFC,
    0xD8, 0x00, 0x00, 0xDC, 0xFF, 0x0C, 0x30, 0xFF, 0x9D, 0x85, 0xF1, 0xDC, 0x47, 0x00, 0x30, 0xFF,
    0xE4, 0xD6, 0xC6, 0xFF, 0xED, 0x0C, 0x30, 0xFF, 0xE3, 0x06, 0x00, 0xC9, 0xFF, 0x37, 0x30, 0xFF,
    0xB9, 0x00, 0x00, 0xA1, 0xFF, 0x48, 0x30, 0xFF, 0xB8, 0x00, 0x00, 0xA0, 0xFF, 0x48, 0x30, 0xFF,
    0xB8, 0x00, 0x00, 0xA0, 0xFF, 0x48, 0x30, 0xFF, 0xB8, 0x00, 0x00, 0xA0, 0xFF, 0x48, 0x30, 0xFF,
    0xB8, 0x00, 0x00, 0xA0, 0xFF, 0x48, 0x00, 0x15, 0xA7, 0xF0, 0xEF, 0xA3, 0x11, 0x00, 0x02, 0xCA,
    0xFF, 0xCE, 0xD1, 0xFF, 0xC3, 0x01, 0x40, 0xFF, 0xC8, 0x02, 0x04, 0xD1, 0xFF, 0x38, 0x70, 0xFF,
    0x81, 0x00, 0x00, 0x89, 0xFF, 0x67, 0x71, 0xFF, 0x80, 0x00, 0x00, 0x8A, 0xFF, 0x67, 0x42, 0xFF,
    0xC7, 0x02, 0x04, 0xD0, 0xFF, 0x39, 0x03, 0xCB, 0xFF, 0xCD, 0xD0, 0xFF, 0xC4, 0x01, 0x00, 0x15,
    0xA7, 0xF0, 0xEF, 0xA3, 0x12, 0x00, 0x30, 0xFF, 0xB0, 0x83, 0xED, 0xDB, 0x4C, 0x00, 0x30, 0xFF,
    0xEC, 0xE0, 0xBF, 0xFF, 0xF9, 0x22, 0x30, 0xFF, 0xF0, 0x11, 0x00, 0xA0, 0xFF, 0x7C, 0x30, 0xFF,
    0xB8, 0x00, 0x00, 0x55, 0xFF, 0xA1, 0x30, 0xFF, 0xB8, 0x00, 0x00, 0x55, 0xFF, 0xA1, 0x30, 0xFF,
    0xF0, 0x11, 0x00, 0xA0, 0xFF, 0x7A, 0x30, 0xFF, 0xF0, 0xDF, 0xBF, 0xFF, 0xF8, 0x20, 0x30, 0xFF,
    0xB8, 0x87, 0xEF, 0xDC, 0x4D, 0x00, 0x30, 0xFF, 0xB8, 0x00, 0x00, 0x00, 0x00, 0x00, 0x30, 0xFF,
    0xB8, 0x00, 0x00, 0x00, 0x00, 0x00, 0x30, 0xFF, 0xB8, 0x00, 0x00, 0x00, 0x00, 0x00, 0x00, 0x2F,
    0xCB, 0xF2, 0xA3, 0x82, 0xFF, 0x60, 0x08, 0xE2, 0xFF, 0xD0, 0xD0, 0xEA, 0xFF, 0x60, 0x4C, 0xFF,
    0xCD, 0x03, 0x04, 0xD0, 0xFF, 0x60, 0x72, 0xFF, 0x85, 0x00, 0x00, 0x89, 0xFF, 0x60, 0x72, 0xFF,
    0x85, 0x00, 0x00, 0x8A, 0xFF, 0x60, 0x4D, 0xFF, 0xCC, 0x03, 0x04, 0xD1, 0xFF, 0x60, 0x09, 0xE3,
    0xFF, 0xCF, 0xD0, 0xEF, 0xFF, 0x60, 0x00, 0x30, 0xCC, 0xF3, 0xA7, 0x8B, 0xFF, 0x60, 0x00, 0x00,
    0x00, 0x00, 0x00, 0x84, 0xFF, 0x60, 0x00, 0x00, 0x00, 0x00, 0x00, 0x84, 0xFF, 0x60, 0x00, 0x00,
    0x00, 0x00, 0x00, 0x84, 0xFF, 0x60, 0x00, 0x00, 0x00, 0x00, 0x01, 0x00, 0x30, 0xFF, 0xAC, 0xB0,
    0xFC, 0x10, 0x30, 0xFF, 0xF5, 0xDF, 0xB2, 0x0C, 0x30, 0xFF, 0xE8, 0x0C, 0x00, 0x00, 0x30, 0xFF,
    0xBA, 0x00, 0x00, 0x00, 0x30, 0xFF, 0xB8, 0x00, 0x00, 0x00, 0x30, 0xFF, 0xB8, 0x00, 0x00, 0x00,
    0x30, 0xFF, 0xB8, 0x00, 0x00, 0x00, 0x30, 0xFF, 0xB8, 0x00, 0x00, 0x00, 0x00, 0x4E, 0xCF, 0xF6,
    0xDF, 0x6E, 0x00, 0x20, 0xFA, 0xFA, 0xBA, 0xE4, 0xFF, 0x50, 0x48, 0xFF, 0xAE, 0x00, 0x24, 0x77,
    0x30, 0x0F, 0xE2, 0xFF, 0xCD, 0x92, 0x42, 0x00, 0x00, 0x13, 0x6F, 0xAF, 0xF4, 0xFF, 0x76, 0x2C,
    0x84, 0x4F, 0x00, 0x3F, 0xFF, 0xC5, 0x31, 0xFC, 0xF7, 0xBB, 0xE2, 0xFF, 0x8D, 0x00, 0x53, 0xD1,
    0xF8, 0xE5, 0x8C, 0x07, 0x00, 0xE4, 0xFF, 0x04, 0x00, 0x00, 0xE4, 0xFF, 0x04, 0x00, 0xE0, 0xFF,
    0xFF, 0xFF, 0x54, 0x96, 0xF6, 0xFF, 0xAD, 0x38, 0x00, 0xE4, 0xFF, 0x04, 0x00, 0x00, 0xE4, 0xFF,
    0x04, 0x00, 0x00, 0xE4, 0xFF, 0x04, 0x00, 0x00, 0xE3, 0xFF, 0x0A, 0x00, 0x00, 0xC4, 0xFF, 0xC6,
    0x3C, 0x00, 0x3C, 0xD9, 0xFA, 0x6A, 0x30, 0xFF, 0xB8, 0x00, 0x00, 0xA0, 0xFF, 0x48, 0x30, 0xFF,
    0xB8, 0x00, 0x00, 0xA0, 0xFF, 0x48, 0x30, 0xFF, 0xB8, 0x00, 0x00, 0xA0, 0xFF, 0x48, 0x30, 0xFF,
    0xB8, 0x00, 0x00, 0xA0, 0xFF, 0x48, 0x30, 0xFF, 0xB9, 0x00, 0x00, 0xA3, 0xFF, 0x48, 0x20, 0xFF,
    0xE3, 0x07, 0x05, 0xD7, 0xFF, 0x48, 0x02, 0xDF, 0xFF, 0xDE, 0xDE, 0xDF, 0xFF, 0x48, 0x00, 0x39,
    0xD5, 0xF3, 0x94, 0x88, 0xFF, 0x48, 0xA3, 0xFF, 0x5C, 0x00, 0x00, 0x8C, 0xFF, 0x6D, 0x4F, 0xFF,
    0xA6, 0x00, 0x00, 0xD4, 0xFE, 0x1C, 0x08, 0xF3, 0xED, 0x03, 0x1C, 0xFF, 0xC6, 0x00, 0x00, 0xA8,
    0xFF, 0x3A, 0x64, 0xFF, 0x73, 0x00, 0x00, 0x55, 0xFF, 0x80, 0xA9, 0xFF, 0x20, 0x00, 0x00, 0x0B,
    0xF6, 0xBD, 0xE7, 0xCC, 0x00, 0x00, 0x00, 0x00, 0xAE, 0xF9, 0xFF, 0x78, 0x00, 0x00, 0x00, 0x00,
    0x5A, 0xFF, 0xFF, 0x25, 0x00, 0x00, 0xAB, 0xFF, 0x4D, 0x00, 0x75, 0xFF, 0x83, 0x00, 0x47, 0xFF,
    0xB9, 0x68, 0xFF, 0x82, 0x00, 0xAD, 0xFF, 0xBA, 0x00, 0x7B, 0xFF, 0x76, 0x25, 0xFF, 0xB7, 0x00,
    0xE5, 0xF6, 0xF0, 0x01, 0xAF, 0xFF, 0x32, 0x00, 0xE1, 0xEA, 0x1D, 0xFF, 0xA0, 0xFF, 0x26, 0xE4,
    0xED, 0x02, 0x00, 0x9F, 0xFF, 0x6E, 0xFF, 0x32, 0xFF, 0x6E, 0xFF, 0xAB, 0x00, 0x00, 0x5C, 0xFF,
    0xCB, 0xE0, 0x00, 0xD4, 0xCB, 0xFF, 0x68, 0x00, 0x00, 0x19, 0xFF, 0xFF, 0x9E, 0x00, 0x93, 0xFF,
    0xFF, 0x24, 0x00, 0x00, 0x00, 0xD6, 0xFF, 0x5C, 0x00, 0x51, 0xFF, 0xE1, 0x00, 0x00, 0x53, 0xFF,
    0xB6, 0x00, 0x20, 0xFA, 0xDE, 0x06, 0x00, 0xC7, 0xFF, 0x31, 0x9C, 0xFF, 0x57, 0x00, 0x00, 0x3D,
    0xFF, 0xB2, 0xF8, 0xC9, 0x01, 0x00, 0x00, 0x00, 0xB3, 0xFF, 0xFF, 0x3E, 0x00, 0x00, 0x00, 0x00,
    0xC2, 0xFF, 0xFF, 0x49, 0x00, 0x00, 0x00, 0x54, 0xFF, 0x9A, 0xF5, 0xD6, 0x04, 0x00, 0x06, 0xDD,
    0xF8, 0x1B, 0x90, 0xFF, 0x6D, 0x00, 0x74, 0xFF, 0x8C, 0x00, 0x16, 0xF2, 0xED, 0x11, 0xA2, 0xFF,
    0x5C, 0x00, 0x00, 0x87, 0xFF, 0x74, 0x4D, 0xFF, 0xA6, 0x00, 0x00, 0xD3, 0xFE, 0x1E, 0x07, 0xF1,
    0xED, 0x03, 0x20, 0xFF, 0xC6, 0x00, 0x00, 0xA4, 0xFF, 0x3A, 0x6D, 0xFF, 0x70, 0x00, 0x00, 0x4F,
    0xFF, 0x7D, 0xB5, 0xFE, 0x1B, 0x00, 0x00, 0x08, 0xF2, 0xB8, 0xF1, 0xC2, 0x00, 0x00, 0x00, 0x00,
    0xA6, 0xFB, 0xFF, 0x6C, 0x00, 0x00, 0x00, 0x00, 0x51, 0xFF, 0xFD, 0x18, 0x00, 0x00, 0x00, 0x00,
    0x38, 0xFF, 0xBE, 0x00, 0x00, 0x00, 0x00, 0xA8, 0xDD, 0xFF, 0x53, 0x00, 0x00, 0x00, 0x1B, 0xF2,
    0xED, 0x81, 0x00, 0x00, 0x00, 0x00, 0x20, 0xFF, 0xFF, 0xFF, 0xFF, 0xFF, 0x90, 0x15, 0xA8, 0xA8,
    0xA8, 0xF3, 0xFF, 0x6B, 0x00, 0x00, 0x00, 0x4F, 0xFF, 0xC9, 0x03, 0x00, 0x00, 0x14, 0xE9, 0xF9,
    0x2A, 0x00, 0x00, 0x00, 0xAC, 0xFF, 0x7A, 0x00, 0x00, 0x00, 0x5C, 0xFF, 0xCD, 0x04, 0x00, 0x00,
    0x17, 0xEF, 0xFF, 0xC9, 0xA8, 0xA8, 0x73, 0x3C, 0xFF, 0xFF, 0xFF, 0xFF, 0xFF, 0xB0, 0x00, 0x00,
    0x09, 0x96, 0xE9, 0x71, 0x00, 0x00, 0x74, 0xFF, 0xE3, 0x4F, 0x00, 0x00, 0xAA, 0xFF, 0x2D, 0x00,
    0x00, 0x00, 0xB3, 0xFF, 0x10, 0x00, 0x00, 0x00, 0xB8, 0xFF, 0x0F, 0x00, 0x00, 0x1D, 0xE9, 0xEB,
    0x01, 0x00, 0x1C, 0xFF, 0xE2, 0x42, 0x00, 0x00, 0x12, 0xC2, 0xFF, 0x99, 0x00, 0x00, 0x00, 0x00,
    0xCD, 0xFF, 0x09, 0x00, 0x00, 0x00, 0xB4, 0xFF, 0x10, 0x00, 0x00, 0x00, 0xAF, 0xFF, 0x26, 0x00,
    0x00, 0x00, 0x84, 0xFF, 0xE0, 0x4F, 0x00, 0x00, 0x0F, 0xA2, 0xED, 0x72, 0x7C, 0xFF, 0x50, 0x7C,
    0xFF, 0x50, 0x7C, 0xFF, 0x50, 0x7C, 0xFF, 0x50, 0x7C, 0xFF, 0x50, 0x7C, 0xFF, 0x50, 0x7C, 0xFF,
    0x50, 0x7C, 0xFF, 0x50, 0x7C, 0xFF, 0x50, 0x7C, 0xFF, 0x50, 0x7C, 0xFF, 0x50, 0x7C, 0xFF, 0x50,
    0x7C, 0xFF, 0x50, 0x7C, 0xFF, 0x50, 0x7C, 0xFF, 0x50, 0x7C, 0xFF, 0x50, 0x7C, 0xFF, 0x50, 0x5A,
    0xEC, 0xA2, 0x10, 0x00, 0x00, 0x3E, 0xDD, 0xFF, 0x8A, 0x00, 0x00, 0x00, 0x15, 0xFF, 0xC1, 0x00,
    0x00, 0x00, 0x00, 0xF8, 0xCB, 0x00, 0x00, 0x00, 0x00, 0xF7, 0xD0, 0x00, 0x00, 0x00, 0x00, 0xD5,
    0xF6, 0x2C, 0x00, 0x00, 0x00, 0x34, 0xD7, 0xFF, 0x34, 0x00, 0x00, 0x80, 0xFD, 0xCE, 0x22, 0x00,
    0x00, 0xF0, 0xE4, 0x02, 0x00, 0x00, 0x00, 0xF8, 0xCC, 0x00, 0x00, 0x00, 0x10, 0xFF, 0xC6, 0x00,
    0x00, 0x3E, 0xD9, 0xFF, 0x98, 0x00, 0x00, 0x5A, 0xF0, 0xB0, 0x12, 0x00, 0x00, 0x3D, 0xE1, 0xE2,
    0x5E, 0x00, 0xBB, 0xC7, 0xCC, 0xF8, 0xDF, 0xFF, 0xD7, 0xFF, 0x9A, 0xF6, 0x8A, 0x04, 0x82, 0xED,
    0xCE, 0x1E,
};

static const bos::GlyphData g_inter_bold13_glyphs[95] = {
    { 32, 3, 0, 0, 0, 0, 0 },
    { 33, 4, 1, -11, 3, 11, 0 },
    { 34, 7, 1, -11, 5, 4, 33 },
    { 35, 8, 0, -11, 9, 11, 53 },
    { 36, 9, 0, -12, 8, 13, 152 },
    { 37, 13, 1, -11, 12, 11, 256 },
    { 38, 9, 0, -11, 9, 11, 388 },
    { 39, 4, 1, -11, 3, 4, 487 },
    { 40, 5, 1, -11, 4, 13, 499 },
    { 41, 5, 0, -11, 4, 13, 551 },
    { 42, 7, 1, -11, 6, 6, 603 },
    { 43, 9, 1, -8, 7, 7, 639 },
    { 44, 4, 0, -2, 4, 4, 688 },
    { 45, 6, 0, -5, 6, 2, 704 },
    { 46, 4, 1, -3, 3, 3, 716 },
    { 47, 5, 0, -11, 5, 13, 725 },
    { 48, 9, 0, -11, 9, 11, 790 },
    { 49, 6, 0, -11, 5, 11, 889 },
    { 50, 8, 0, -11, 8, 11, 944 },
    { 51, 8, 0, -11, 8, 11, 1032 },
    { 52, 9, 0, -11, 9, 11, 1120 },
    { 53, 8, 0, -11, 8, 11, 1219 },
    { 54, 8, 0, -11, 8, 11, 1307 },
    { 55, 8, 0, -11, 8, 11, 1395 },
    { 56, 8, 0, -11, 8, 11, 1483 },
    { 57, 8, 0, -11, 8, 11, 1571 },
    { 58, 4, 1, -8, 3, 8, 1659 },
    { 59, 4, 0, -8, 4, 10, 1683 },
    { 60, 9, 1, -8, 7, 8, 1723 },
    { 61, 9, 1, -7, 7, 5, 1779 },
    { 62, 9, 1, -8, 7, 8, 1814 },
    { 63, 7, 0, -11, 7, 11, 1870 },
    { 64, 13, 0, -11, 13, 14, 1947 },
    { 65, 10, 0, -11, 10, 11, 2129 },
    { 66, 9, 0, -11, 9, 11, 2239 },
    { 67, 10, 0, -11, 10, 11, 2338 },
    { 68, 9, 0, -11, 9, 11, 2448 },
    { 69, 8, 0, -11, 8, 11, 2547 },
    { 70, 8, 0, -11, 8, 11, 2635 },
    { 71, 10, 0, -11, 10, 11, 2723 },
    { 72, 10, 0, -11, 9, 11, 2833 },
    { 73, 4, 0, -11, 3, 11, 2932 },
    { 74, 8, 0, -11, 7, 11, 2965 },
    { 75, 9, 0, -11, 9, 11, 3042 },
    { 76, 7, 0, -11, 7, 11, 3141 },
    { 77, 12, 0, -11, 12, 11, 3218 },
    { 78, 10, 0, -11, 10, 11, 3350 },
    { 79, 10, 0, -11, 10, 11, 3460 },
    { 80, 8, 0, -11, 8, 11, 3570 },
    { 81, 10, 0, -11, 10, 12, 3658 },
    { 82, 9, 0, -11, 9, 11, 3778 },
    { 83, 9, 0, -11, 8, 11, 3877 },
    { 84, 9, 0, -11, 9, 11, 3965 },
    { 85, 10, 0, -11, 9, 11, 4064 },
    { 86, 10, 0, -11, 10, 11, 4163 },
    { 87, 13, 0, -11, 14, 11, 4273 },
    { 88, 10, 0, -11, 10, 11, 4427 },
    { 89, 10, 0, -11, 10, 11, 4537 },
    { 90, 9, 0, -11, 8, 11, 4647 },
    { 91, 5, 1, -11, 4, 13, 4735 },
    { 92, 5, 0, -11, 5, 13, 4787 },
    { 93, 5, 0, -11, 4, 13, 4852 },
    { 94, 6, 0, -11, 6, 5, 4904 },
    { 95, 6, 0, 0, 7, 2, 4934 },
    { 96, 5, 1, -11, 3, 2, 4948 },
    { 97, 8, 0, -8, 7, 8, 4954 },
    { 98, 8, 0, -11, 8, 11, 5010 },
    { 99, 8, 0, -8, 8, 8, 5098 },
    { 100, 8, 0, -11, 8, 11, 5162 },
    { 101, 8, 0, -8, 8, 8, 5250 },
    { 102, 5, 0, -11, 6, 11, 5314 },
    { 103, 8, 0, -8, 8, 11, 5380 },
    { 104, 8, 0, -11, 8, 11, 5468 },
    { 105, 4, 0, -11, 3, 11, 5556 },
    { 106, 4, -1, -11, 4, 14, 5589 },
    { 107, 8, 0, -11, 8, 11, 5645 },
    { 108, 4, 0, -11, 3, 11, 5733 },
    { 109, 12, 0, -8, 12, 8, 5766 },
    { 110, 8, 0, -8, 8, 8, 5862 },
    { 111, 8, 0, -8, 8, 8, 5926 },
    { 112, 8, 0, -8, 8, 11, 5990 },
    { 113, 8, 0, -8, 8, 11, 6078 },
    { 114, 5, 0, -9, 6, 9, 6166 },
    { 115, 7, 0, -8, 7, 8, 6220 },
    { 116, 5, 0, -10, 5, 10, 6276 },
    { 117, 8, 0, -8, 8, 8, 6326 },
    { 118, 8, 0, -8, 8, 8, 6390 },
    { 119, 11, 0, -8, 11, 8, 6454 },
    { 120, 8, 0, -8, 8, 8, 6542 },
    { 121, 8, 0, -8, 8, 11, 6606 },
    { 122, 7, 0, -8, 7, 8, 6694 },
    { 123, 6, 0, -11, 6, 13, 6750 },
    { 124, 5, 1, -14, 3, 17, 6828 },
    { 125, 6, 0, -11, 6, 13, 6879 },
    { 126, 9, 1, -6, 7, 3, 6957 },
};

static const bos::FontAsset g_font_inter_bold_13 = {
    "Inter",
    bos::FontWeight::Bold,
    13,
    17,
    13,
    4,
    g_inter_bold13_glyphs,
    g_inter_bold13_alpha,
    sizeof(g_inter_bold13_alpha)
};

static const uint8_t g_inter_title18_alpha[11167] = {
    0x5E, 0xFF, 0xFF, 0x70, 0x58, 0xFF, 0xFF, 0x6B, 0x53, 0xFF, 0xFF, 0x66, 0x4E, 0xFF, 0xFF, 0x60,
    0x48, 0xFF, 0xFF, 0x5B, 0x43, 0xFF, 0xFF, 0x56, 0x3E, 0xFF, 0xFF, 0x50, 0x38, 0xFF, 0xFF, 0x4B,
    0x33, 0xFF, 0xFF, 0x46, 0x00, 0x00, 0x00, 0x00, 0x25, 0xD5, 0xDD, 0x34, 0x78, 0xFF, 0xFF, 0x8F,
    0x2A, 0xDF, 0xE6, 0x3A, 0x32, 0xFF, 0xFF, 0x48, 0x5E, 0xFF, 0xFF, 0x1C, 0x24, 0xFF, 0xFF, 0x3B,
    0x50, 0xFF, 0xFF, 0x0F, 0x16, 0xFF, 0xFF, 0x2D, 0x42, 0xFF, 0xFF, 0x02, 0x09, 0xFF, 0xFF, 0x20,
    0x35, 0xFF, 0xF4, 0x00, 0x00, 0xFA, 0xFF, 0x12, 0x27, 0xFF, 0xE6, 0x00, 0x00, 0x00, 0x00, 0x7B,
    0xFF, 0x84, 0x00, 0x00, 0xDF, 0xFF, 0x20, 0x00, 0x00, 0x00, 0x00, 0xA8, 0xFF, 0x57, 0x00, 0x0D,
    0xFE, 0xF0, 0x00, 0x00, 0x00, 0x00, 0x00, 0xD5, 0xFF, 0x2A, 0x00, 0x39, 0xFF, 0xC3, 0x00, 0x00,
    0x00, 0xCD, 0xFF, 0xFF, 0xFF, 0xFF, 0xFF, 0xFF, 0xFF, 0xFF, 0xFF, 0x66, 0x00, 0xF3, 0xFF, 0xFF,
    0xFF, 0xFF, 0xFF, 0xFF, 0xFF, 0xFF, 0xFF, 0x3C, 0x00, 0x14, 0x5F, 0xFF, 0xB4, 0x14, 0x14, 0xBF,
    0xFF, 0x55, 0x14, 0x02, 0x00, 0x00, 0x76, 0xFF, 0x89, 0x00, 0x00, 0xDE, 0xFF, 0x23, 0x00, 0x00,
    0x09, 0x14, 0xA2, 0xFF, 0x71, 0x14, 0x19, 0xFD, 0xFC, 0x18, 0x0E, 0x00, 0x91, 0xFF, 0xFF, 0xFF,
    0xFF, 0xFF, 0xFF, 0xFF, 0xFF, 0xFF, 0xA3, 0x00, 0xBB, 0xFF, 0xFF, 0xFF, 0xFF, 0xFF, 0xFF, 0xFF,
    0xFF, 0xFF, 0x79, 0x00, 0x00, 0x16, 0xFF, 0xE8, 0x00, 0x00, 0x7F, 0xFF, 0x80, 0x00, 0x00, 0x00,
    0x00, 0x44, 0xFF, 0xBB, 0x00, 0x00, 0xAC, 0xFF, 0x53, 0x00, 0x00, 0x00, 0x00, 0x71, 0xFF, 0x8E,
    0x00, 0x00, 0xD9, 0xFF, 0x26, 0x00, 0x00, 0x00, 0x00, 0x00, 0x00, 0x00, 0x00, 0x8C, 0x80, 0x00,
    0x00, 0x00, 0x00, 0x00, 0x00, 0x00, 0x00, 0x00, 0x00, 0x8E, 0x80, 0x00, 0x00, 0x00, 0x00, 0x00,
    0x00, 0x00, 0x14, 0x91, 0xE4, 0xFF, 0xFC, 0xE2, 0x95, 0x16, 0x00, 0x00, 0x00, 0x1C, 0xE3, 0xFF,
    0xFF, 0xFF, 0xFF, 0xFF, 0xFF, 0xE3, 0x1A, 0x00, 0x00, 0xA1, 0xFF, 0xFF, 0x8B, 0xA5, 0x9C, 0x8E,
    0xFF, 0xFF, 0x96, 0x00, 0x00, 0xDC, 0xFF, 0xE6, 0x00, 0x8C, 0x80, 0x00, 0xA1, 0xC0, 0x9A, 0x00,
    0x00, 0xC6, 0xFF, 0xFD, 0x61, 0x8F, 0x80, 0x00, 0x00, 0x00, 0x00, 0x00, 0x00, 0x58, 0xFF, 0xFF,
    0xFF, 0xFC, 0xC8, 0x58, 0x08, 0x00, 0x00, 0x00, 0x00, 0x00, 0x55, 0xDE, 0xFF, 0xFF, 0xFF, 0xFF,
    0xF0, 0x7B, 0x01, 0x00, 0x00, 0x00, 0x00, 0x00, 0x36, 0xBC, 0xE7, 0xFB, 0xFF, 0xFF, 0x7C, 0x00,
    0x04, 0x14, 0x14, 0x07, 0x00, 0x8C, 0x80, 0x24, 0xE6, 0xFF, 0xED, 0x00, 0x2F, 0xFF, 0xFF, 0x85,
    0x00, 0x8C, 0x80, 0x00, 0xBB, 0xFF, 0xFF, 0x04, 0x04, 0xE9, 0xFF, 0xF7, 0x6E, 0xA0, 0x99, 0x7D,
    0xFE, 0xFF, 0xD3, 0x00, 0x00, 0x57, 0xFD, 0xFF, 0xFF, 0xFF, 0xFF, 0xFF, 0xFF, 0xFB, 0x46, 0x00,
    0x00, 0x00, 0x3C, 0xB2, 0xEC, 0xFE, 0xFE, 0xEC, 0xB0, 0x37, 0x00, 0x00, 0x00, 0x00, 0x00, 0x00,
    0x00, 0x8C, 0x80, 0x00, 0x00, 0x00, 0x00, 0x00, 0x00, 0x00, 0x00, 0x00, 0x00, 0x8C, 0x80, 0x00,
    0x00, 0x00, 0x00, 0x00, 0x00, 0x4C, 0xD6, 0xF9, 0xD6, 0x4C, 0x00, 0x00, 0x00, 0x00, 0x00, 0xA8,
    0xF9, 0x2D, 0x00, 0x00, 0x1C, 0xF8, 0xFF, 0xFF, 0xFF, 0xF7, 0x19, 0x00, 0x00, 0x00, 0x5A, 0xFF,
    0x75, 0x00, 0x00, 0x00, 0x55, 0xFF, 0xAB, 0x1C, 0xAE, 0xFF, 0x51, 0x00, 0x00, 0x1B, 0xEF, 0xC2,
    0x02, 0x00, 0x00, 0x00, 0x54, 0xFF, 0x9F, 0x07, 0xA2, 0xFF, 0x50, 0x00, 0x01, 0xBB, 0xF2, 0x21,
    0x00, 0x00, 0x00, 0x00, 0x19, 0xF5, 0xFF, 0xFF, 0xFF, 0xF2, 0x14, 0x00, 0x6E, 0xFF, 0x62, 0x00,
    0x00, 0x00, 0x00, 0x00, 0x00, 0x40, 0xC3, 0xE5, 0xC1, 0x3B, 0x00, 0x28, 0xF6, 0xB0, 0x00, 0x00,
    0x09, 0x02, 0x00, 0x00, 0x00, 0x00, 0x00, 0x00, 0x00, 0x00, 0x04, 0xCB, 0xE9, 0x16, 0x19, 0xC0,
    0xFF, 0xF4, 0x7B, 0x00, 0x00, 0x00, 0x00, 0x00, 0x00, 0x00, 0x81, 0xFF, 0x4E, 0x00, 0xB2, 0xFF,
    0xFF, 0xFF, 0xFF, 0x45, 0x00, 0x00, 0x00, 0x00, 0x00, 0x36, 0xFB, 0x9D, 0x00, 0x03, 0xFB, 0xEF,
    0x18, 0x71, 0xFF, 0x92, 0x00, 0x00, 0x00, 0x00, 0x0A, 0xD9, 0xDE, 0x0D, 0x00, 0x0F, 0xFF, 0xC6,
    0x00, 0x32, 0xFF, 0xA3, 0x00, 0x00, 0x00, 0x00, 0x95, 0xFD, 0x3D, 0x00, 0x00, 0x03, 0xFA, 0xF1,
    0x2A, 0x7D, 0xFF, 0x90, 0x00, 0x00, 0x00, 0x47, 0xFF, 0x89, 0x00, 0x00, 0x00, 0x00, 0xAC, 0xFF,
    0xFF, 0xFF, 0xFF, 0x3D, 0x00, 0x00, 0x11, 0xE5, 0xD2, 0x06, 0x00, 0x00, 0x00, 0x00, 0x14, 0xB0,
    0xF5, 0xE4, 0x68, 0x00, 0x00, 0x00, 0x03, 0x7B, 0xE0, 0xF8, 0xD3, 0x59, 0x00, 0x00, 0x00, 0x00,
    0x00, 0x00, 0x8F, 0xFF, 0xFF, 0xFF, 0xFF, 0xFF, 0x4B, 0x00, 0x00, 0x00, 0x00, 0x09, 0xF8, 0xFF,
    0x84, 0x1E, 0xA8, 0xFF, 0xB3, 0x00, 0x00, 0x00, 0x00, 0x1C, 0xFF, 0xFF, 0x35, 0x00, 0x74, 0xFF,
    0xBE, 0x00, 0x00, 0x00, 0x00, 0x04, 0xED, 0xFF, 0x95, 0x4D, 0xF3, 0xFF, 0x72, 0x00, 0x00, 0x00,
    0x00, 0x00, 0x74, 0xFF, 0xFE, 0xFF, 0xFF, 0xB8, 0x04, 0x00, 0x00, 0x00, 0x00, 0x00, 0x31, 0xFB,
    0xFF, 0xFF, 0xA3, 0x05, 0x00, 0x00, 0x00, 0x00, 0x00, 0x4E, 0xF7, 0xFF, 0xFE, 0xFF, 0xE2, 0x1F,
    0x0B, 0xFF, 0xFF, 0x32, 0x11, 0xF1, 0xFF, 0xC1, 0x29, 0xD8, 0xFF, 0xDC, 0x67, 0xFF, 0xFD, 0x10,
    0x3D, 0xFF, 0xFF, 0x54, 0x00, 0x18, 0xD6, 0xFF, 0xFF, 0xFF, 0xBB, 0x00, 0x1E, 0xFE, 0xFF, 0xC1,
    0x2F, 0x1F, 0x72, 0xFF, 0xFF, 0xFF, 0x41, 0x00, 0x00, 0x94, 0xFF, 0xFF, 0xFF, 0xFF, 0xFF, 0xFF,
    0xFF, 0xFF, 0xC0, 0x05, 0x00, 0x01, 0x62, 0xC8, 0xF2, 0xF0, 0xCB, 0x79, 0x39, 0xF6, 0xFF, 0x99,
    0x32, 0xFF, 0xFF, 0x48, 0x24, 0xFF, 0xFF, 0x3B, 0x16, 0xFF, 0xFF, 0x2D, 0x09, 0xFF, 0xFF, 0x20,
    0x00, 0xFA, 0xFF, 0x12, 0x00, 0x00, 0x86, 0xFF, 0xF4, 0x0D, 0x00, 0x10, 0xF4, 0xFF, 0x9C, 0x00,
    0x00, 0x6A, 0xFF, 0xFF, 0x38, 0x00, 0x00, 0xB5, 0xFF, 0xED, 0x01, 0x00, 0x06, 0xF4, 0xFF, 0xB0,
    0x00, 0x00, 0x3B, 0xFF, 0xFF, 0x74, 0x00, 0x00, 0x62, 0xFF, 0xFF, 0x55, 0x00, 0x00, 0x79, 0xFF,
    0xFF, 0x3F, 0x00, 0x00, 0x7F, 0xFF, 0xFF, 0x31, 0x00, 0x00, 0x6F, 0xFF, 0xFF, 0x45, 0x00, 0x00,
    0x52, 0xFF, 0xFF, 0x5F, 0x00, 0x00, 0x1B, 0xFF, 0xFF, 0x9A, 0x00, 0x00, 0x00, 0xD7, 0xFF, 0xDF,
    0x00, 0x00, 0x00, 0x79, 0xFF, 0xFF, 0x2F, 0x00, 0x00, 0x16, 0xF4, 0xFF, 0x91, 0x00, 0x00, 0x00,
    0x84, 0xFF, 0xF0, 0x0C, 0x37, 0xFF, 0xFF, 0x4E, 0x00, 0x00, 0x00, 0xD3, 0xFF, 0xCE, 0x00, 0x00,
    0x00, 0x71, 0xFF, 0xFF, 0x31, 0x00, 0x00, 0x28, 0xFF, 0xFF, 0x7A, 0x00, 0x00, 0x00, 0xEA, 0xFF,
    0xBF, 0x00, 0x00, 0x00, 0xB0, 0xFF, 0xF9, 0x06, 0x00, 0x00, 0x90, 0xFF, 0xFF, 0x28, 0x00, 0x00,
    0x79, 0xFF, 0xFF, 0x40, 0x00, 0x00, 0x6A, 0xFF, 0xFF, 0x47, 0x00, 0x00, 0x7E, 0xFF, 0xFF, 0x36,
    0x00, 0x00, 0x98, 0xFF, 0xFF, 0x1A, 0x00, 0x00, 0xD4, 0xFF, 0xE3, 0x00, 0x00, 0x19, 0xFF, 0xFF,
    0x9F, 0x00, 0x00, 0x69, 0xFF, 0xFF, 0x41, 0x00, 0x00, 0xC9, 0xFF, 0xD2, 0x01, 0x00, 0x32, 0xFF,
    0xFF, 0x4C, 0x00, 0x00, 0x00, 0x00, 0x00, 0xC8, 0xD7, 0x00, 0x00, 0x00, 0x11, 0xAC, 0x25, 0xB7,
    0xC6, 0x1E, 0xAA, 0x19, 0x4D, 0xF2, 0xF7, 0xE5, 0xE9, 0xF3, 0xF5, 0x57, 0x00, 0x16, 0xCB, 0xFF,
    0xFF, 0xD6, 0x1C, 0x00, 0x47, 0xE6, 0xFB, 0xEB, 0xED, 0xF9, 0xEB, 0x50, 0x15, 0xBA, 0x30, 0xB7,
    0xC6, 0x28, 0xB7, 0x1F, 0x00, 0x00, 0x00, 0xC8, 0xD7, 0x00, 0x00, 0x00, 0x00, 0x00, 0x00, 0x00,
    0xFF, 0xFF, 0x38, 0x00, 0x00, 0x00, 0x00, 0x00, 0x00, 0x00, 0xFF, 0xFF, 0x38, 0x00, 0x00, 0x00,
    0x00, 0x00, 0x00, 0x00, 0xFF, 0xFF, 0x38, 0x00, 0x00, 0x00, 0x64, 0xFF, 0xFF, 0xFF, 0xFF, 0xFF,
    0xFF, 0xFF, 0xFF, 0xA0, 0x64, 0xFF, 0xFF, 0xFF, 0xFF, 0xFF, 0xFF, 0xFF, 0xFF, 0xA0, 0x07, 0x14,
    0x14, 0x14, 0xFF, 0xFF, 0x47, 0x14, 0x14, 0x0C, 0x00, 0x00, 0x00, 0x00, 0xFF, 0xFF, 0x38, 0x00,
    0x00, 0x00, 0x00, 0x00, 0x00, 0x00, 0xFF, 0xFF, 0x38, 0x00, 0x00, 0x00, 0x00, 0x00, 0x00, 0x00,
    0xFF, 0xFF, 0x38, 0x00, 0x00, 0x00, 0x44, 0xFF, 0xFF, 0x4A, 0x6B, 0xFF, 0xF1, 0x06, 0x92, 0xFF,
    0xA5, 0x00, 0xB9, 0xFF, 0x53, 0x00, 0xE0, 0xF6, 0x0A, 0x00, 0x0F, 0x14, 0x14, 0x14, 0x14, 0x14,
    0x03, 0xC4, 0xFF, 0xFF, 0xFF, 0xFF, 0xFF, 0x30, 0xC4, 0xFF, 0xFF, 0xFF, 0xFF, 0xFF, 0x30, 0x27,
    0xDD, 0xDD, 0x28, 0x78, 0xFF, 0xFF, 0x7B, 0x28, 0xDF, 0xDF, 0x29, 0x00, 0x00, 0x00, 0x00, 0x4C,
    0x80, 0x57, 0x00, 0x00, 0x00, 0x00, 0xCE, 0xFF, 0x7A, 0x00, 0x00, 0x00, 0x15, 0xFE, 0xFF, 0x34,
    0x00, 0x00, 0x00, 0x59, 0xFF, 0xEC, 0x02, 0x00, 0x00, 0x00, 0x9F, 0xFF, 0xA9, 0x00, 0x00, 0x00,
    0x00, 0xE4, 0xFF, 0x63, 0x00, 0x00, 0x00, 0x2A, 0xFF, 0xFF, 0x1D, 0x00, 0x00, 0x00, 0x70, 0xFF,
    0xD8, 0x00, 0x00, 0x00, 0x00, 0xB6, 0xFF, 0x92, 0x00, 0x00, 0x00, 0x06, 0xF4, 0xFF, 0x4C, 0x00,
    0x00, 0x00, 0x41, 0xFF, 0xFA, 0x0C, 0x00, 0x00, 0x00, 0x87, 0xFF, 0xC1, 0x00, 0x00, 0x00, 0x00,
    0xCC, 0xFF, 0x7B, 0x00, 0x00, 0x00, 0x13, 0xFD, 0xFF, 0x36, 0x00, 0x00, 0x00, 0x58, 0xFF, 0xED,
    0x02, 0x00, 0x00, 0x00, 0x9D, 0xFF, 0xAA, 0x00, 0x00, 0x00, 0x00, 0x00, 0x00, 0x00, 0x59, 0xC3,
    0xF2, 0xF5, 0xCD, 0x6B, 0x03, 0x00, 0x00, 0x00, 0x00, 0x8F, 0xFF, 0xFF, 0xFF, 0xFF, 0xFF, 0xFF,
    0xAD, 0x02, 0x00, 0x00, 0x47, 0xFF, 0xFF, 0xC7, 0x30, 0x28, 0xB1, 0xFF, 0xFF, 0x68, 0x00, 0x00,
    0xB7, 0xFF, 0xFE, 0x21, 0x00, 0x00, 0x0B, 0xF2, 0xFF, 0xD9, 0x00, 0x03, 0xF5, 0xFF, 0xC9, 0x00,
    0x00, 0x00, 0x00, 0xA6, 0xFF, 0xFF, 0x1B, 0x1C, 0xFF, 0xFF, 0xA6, 0x00, 0x00, 0x00, 0x00, 0x83,
    0xFF, 0xFF, 0x3F, 0x28, 0xFF, 0xFF, 0x95, 0x00, 0x00, 0x00, 0x00, 0x71, 0xFF, 0xFF, 0x4B, 0x1D,
    0xFF, 0xFF, 0xA5, 0x00, 0x00, 0x00, 0x00, 0x82, 0xFF, 0xFF, 0x40, 0x04, 0xF6, 0xFF, 0xC7, 0x00,
    0x00, 0x00, 0x00, 0xA5, 0xFF, 0xFF, 0x1D, 0x00, 0xB9, 0xFF, 0xFE, 0x1E, 0x00, 0x00, 0x0B, 0xF1,
    0xFF, 0xDB, 0x00, 0x00, 0x4A, 0xFF, 0xFF, 0xC5, 0x2E, 0x27, 0xAF, 0xFF, 0xFF, 0x6A, 0x00, 0x00,
    0x00, 0x92, 0xFF, 0xFF, 0xFF, 0xFF, 0xFF, 0xFF, 0xB0, 0x02, 0x00, 0x00, 0x00, 0x00, 0x5B, 0xC5,
    0xF3, 0xF6, 0xCE, 0x6D, 0x04, 0x00, 0x00, 0x00, 0x00, 0x2C, 0xD2, 0xFF, 0xFF, 0x94, 0x00, 0x6D,
    0xF7, 0xFF, 0xFF, 0xFF, 0x94, 0x2F, 0xFF, 0xFF, 0xAE, 0xFF, 0xFF, 0x94, 0x30, 0xEB, 0x50, 0x18,
    0xFF, 0xFF, 0x94, 0x14, 0x18, 0x00, 0x18, 0xFF, 0xFF, 0x94, 0x00, 0x00, 0x00, 0x18, 0xFF, 0xFF,
    0x94, 0x00, 0x00, 0x00, 0x18, 0xFF, 0xFF, 0x94, 0x00, 0x00, 0x00, 0x18, 0xFF, 0xFF, 0x94, 0x00,
    0x00, 0x00, 0x18, 0xFF, 0xFF, 0x94, 0x00, 0x00, 0x00, 0x18, 0xFF, 0xFF, 0x94, 0x00, 0x00, 0x00,
    0x18, 0xFF, 0xFF, 0x94, 0x00, 0x00, 0x00, 0x18, 0xFF, 0xFF, 0x94, 0x00, 0x00, 0x00, 0x18, 0xFF,
    0xFF, 0x94, 0x00, 0x1A, 0x97, 0xE1, 0xF9, 0xE8, 0xA9, 0x30, 0x00, 0x00, 0x25, 0xEC, 0xFF, 0xFF,
    0xFF, 0xFF, 0xFF, 0xFB, 0x49, 0x00, 0xB2, 0xFF, 0xFA, 0x60, 0x1E, 0x51, 0xEF, 0xFF, 0xDF, 0x02,
    0xF4, 0xFF, 0xA5, 0x00, 0x00, 0x00, 0x83, 0xFF, 0xFF, 0x1F, 0x1C, 0x1C, 0x0F, 0x00, 0x00, 0x00,
    0x86, 0xFF, 0xFF, 0x17, 0x00, 0x00, 0x00, 0x00, 0x00, 0x19, 0xEA, 0xFF, 0xC5, 0x00, 0x00, 0x00,
    0x00, 0x00, 0x12, 0xD0, 0xFF, 0xF7, 0x2F, 0x00, 0x00, 0x00, 0x00, 0x18, 0xD2, 0xFF, 0xFC, 0x50,
    0x00, 0x00, 0x00, 0x00, 0x20, 0xDC, 0xFF, 0xFA, 0x53, 0x00, 0x00, 0x00, 0x00, 0x2B, 0xE5, 0xFF,
    0xF8, 0x4C, 0x00, 0x00, 0x00, 0x00, 0x35, 0xEC, 0xFF, 0xFB, 0x5B, 0x14, 0x14, 0x14, 0x14, 0x07,
    0xE1, 0xFF, 0xFF, 0xFF, 0xFF, 0xFF, 0xFF, 0xFF, 0xFF, 0x5C, 0xE8, 0xFF, 0xFF, 0xFF, 0xFF, 0xFF,
    0xFF, 0xFF, 0xFF, 0x5C, 0x00, 0x00, 0x14, 0x88, 0xD7, 0xF7, 0xF0, 0xC2, 0x5B, 0x00, 0x00, 0x00,
    0x20, 0xE3, 0xFF, 0xFF, 0xFF, 0xFF, 0xFF, 0xFF, 0x8F, 0x00, 0x00, 0xA6, 0xFF, 0xFB, 0x6E, 0x1F,
    0x33, 0xC7, 0xFF, 0xFE, 0x24, 0x00, 0x67, 0x7C, 0x60, 0x00, 0x00, 0x00, 0x57, 0xFF, 0xFF, 0x43,
    0x00, 0x00, 0x00, 0x00, 0x00, 0x02, 0x29, 0xC4, 0xFF, 0xE9, 0x10, 0x00, 0x00, 0x00, 0x00, 0xA8,
    0xFF, 0xFF, 0xFB, 0xB3, 0x2B, 0x00, 0x00, 0x00, 0x00, 0x00, 0xA8, 0xFF, 0xFF, 0xFF, 0xD1, 0x5D,
    0x00, 0x00, 0x00, 0x00, 0x00, 0x0D, 0x17, 0x3D, 0xC8, 0xFF, 0xFF, 0x54, 0x00, 0x00, 0x00, 0x00,
    0x00, 0x00, 0x00, 0x20, 0xFF, 0xFF, 0xB2, 0x0C, 0xCC, 0xCC, 0x89, 0x00, 0x00, 0x00, 0x1C, 0xFF,
    0xFF, 0xBB, 0x00, 0xD3, 0xFF, 0xFC, 0x6F, 0x1F, 0x33, 0xBE, 0xFF, 0xFF, 0x76, 0x00, 0x37, 0xF1,
    0xFF, 0xFF, 0xFF, 0xFF, 0xFF, 0xFF, 0xBC, 0x08, 0x00, 0x00, 0x1D, 0x94, 0xDC, 0xF8, 0xF0, 0xC4,
    0x67, 0x03, 0x00, 0x00, 0x00, 0x00, 0x00, 0x00, 0x0D, 0xE5, 0xFF, 0xFF, 0xBC, 0x00, 0x00, 0x00,
    0x00, 0x00, 0x00, 0x00, 0x92, 0xFF, 0xFF, 0xFF, 0xBC, 0x00, 0x00, 0x00, 0x00, 0x00, 0x00, 0x32,
    0xFC, 0xFF, 0xFF, 0xFF, 0xBC, 0x00, 0x00, 0x00, 0x00, 0x00, 0x02, 0xCA, 0xFF, 0xD1, 0xD1, 0xFF,
    0xBC, 0x00, 0x00, 0x00, 0x00, 0x00, 0x6C, 0xFF, 0xFE, 0x3B, 0xCC, 0xFF, 0xBC, 0x00, 0x00, 0x00,
    0x00, 0x18, 0xF0, 0xFF, 0x9D, 0x00, 0xCC, 0xFF, 0xBC, 0x00, 0x00, 0x00, 0x00, 0xA8, 0xFF, 0xED,
    0x14, 0x00, 0xCC, 0xFF, 0xBC, 0x00, 0x00, 0x00, 0x45, 0xFF, 0xFF, 0x66, 0x00, 0x00, 0xCC, 0xFF,
    0xBC, 0x00, 0x00, 0x06, 0xDB, 0xFF, 0xDD, 0x2D, 0x2C, 0x2C, 0xD4, 0xFF, 0xC7, 0x2C, 0x0F, 0x1C,
    0xFF, 0xFF, 0xFF, 0xFF, 0xFF, 0xFF, 0xFF, 0xFF, 0xFF, 0xFF, 0x5C, 0x1C, 0xFF, 0xFF, 0xFF, 0xFF,
    0xFF, 0xFF, 0xFF, 0xFF, 0xFF, 0xFF, 0x5C, 0x00, 0x00, 0x00, 0x00, 0x00, 0x00, 0x00, 0xD8, 0xFF,
    0xBC, 0x00, 0x00, 0x00, 0x00, 0x00, 0x00, 0x00, 0x00, 0x00, 0xD8, 0xFF, 0xBC, 0x00, 0x00, 0x00,
    0x55, 0xFF, 0xFF, 0xFF, 0xFF, 0xFF, 0xFF, 0xFF, 0xA8, 0x00, 0x00, 0x6D, 0xFF, 0xFF, 0xFF, 0xFF,
    0xFF, 0xFF, 0xFF, 0xA8, 0x00, 0x00, 0x85, 0xFF, 0xE8, 0x14, 0x14, 0x14, 0x14, 0x14, 0x0D, 0x00,
    0x00, 0x9E, 0xFF, 0xCA, 0x00, 0x00, 0x00, 0x00, 0x00, 0x00, 0x00, 0x00, 0xB6, 0xFF, 0xB2, 0x86,
    0xE5, 0xF6, 0xC8, 0x4D, 0x00, 0x00, 0x00, 0xCE, 0xFF, 0xFB, 0xFF, 0xFF, 0xFF, 0xFF, 0xFF, 0x5F,
    0x00, 0x00, 0x92, 0xD2, 0xE1, 0x50, 0x1E, 0x5E, 0xF2, 0xFF, 0xEF, 0x09, 0x00, 0x00, 0x00, 0x00,
    0x00, 0x00, 0x00, 0x77, 0xFF, 0xFF, 0x44, 0x00, 0x00, 0x00, 0x00, 0x00, 0x00, 0x00, 0x46, 0xFF,
    0xFF, 0x57, 0x18, 0xD8, 0xD8, 0x76, 0x00, 0x00, 0x00, 0x76, 0xFF, 0xFF, 0x39, 0x01, 0xD7, 0xFF,
    0xF3, 0x58, 0x1E, 0x5A, 0xF1, 0xFF, 0xDC, 0x02, 0x00, 0x3B, 0xF6, 0xFF, 0xFF, 0xFF, 0xFF, 0xFF,
    0xF2, 0x38, 0x00, 0x00, 0x00, 0x26, 0xA2, 0xE5, 0xF9, 0xE4, 0x9F, 0x23, 0x00, 0x00, 0x00, 0x00,
    0x00, 0x42, 0xB8, 0xEA, 0xF6, 0xD3, 0x7A, 0x09, 0x00, 0x00, 0x00, 0x6A, 0xFE, 0xFF, 0xFF, 0xFF,
    0xFF, 0xFF, 0xC9, 0x09, 0x00, 0x2A, 0xFB, 0xFF, 0xB4, 0x2D, 0x21, 0x8C, 0xFF, 0xFF, 0x78, 0x00,
    0xA0, 0xFF, 0xEF, 0x0B, 0x00, 0x00, 0x00, 0x49, 0x4C, 0x34, 0x00, 0xE9, 0xFF, 0xA2, 0x36, 0xBC,
    0xF3, 0xE9, 0x9A, 0x13, 0x00, 0x11, 0xFF, 0xFF, 0xB3, 0xF8, 0xFF, 0xFF, 0xFF, 0xFF, 0xD9, 0x0D,
    0x25, 0xFF, 0xFF, 0xFF, 0xBD, 0x2C, 0x2D, 0xB5, 0xFF, 0xFF, 0x7E, 0x20, 0xFF, 0xFF, 0xED, 0x0C,
    0x00, 0x00, 0x0B, 0xED, 0xFF, 0xC7, 0x0A, 0xFD, 0xFF, 0xC3, 0x00, 0x00, 0x00, 0x00, 0xC7, 0xFF,
    0xD7, 0x00, 0xCC, 0xFF, 0xEC, 0x0B, 0x00, 0x00, 0x0C, 0xEE, 0xFF, 0xB5, 0x00, 0x61, 0xFF, 0xFF,
    0xBA, 0x2A, 0x2D, 0xB4, 0xFF, 0xFF, 0x57, 0x00, 0x01, 0xA7, 0xFF, 0xFF, 0xFF, 0xFF, 0xFF, 0xFF,
    0xA2, 0x00, 0x00, 0x00, 0x01, 0x66, 0xCA, 0xF5, 0xF2, 0xC8, 0x63, 0x00, 0x00, 0x58, 0xFF, 0xFF,
    0xFF, 0xFF, 0xFF, 0xFF, 0xFF, 0xFF, 0xD0, 0x58, 0xFF, 0xFF, 0xFF, 0xFF, 0xFF, 0xFF, 0xFF, 0xFF,
    0xD0, 0x06, 0x14, 0x14, 0x14, 0x14, 0x14, 0x4A, 0xFF, 0xFF, 0x97, 0x00, 0x00, 0x00, 0x00, 0x00,
    0x00, 0xB5, 0xFF, 0xF9, 0x1E, 0x00, 0x00, 0x00, 0x00, 0x00, 0x35, 0xFF, 0xFF, 0x97, 0x00, 0x00,
    0x00, 0x00, 0x00, 0x00, 0xB4, 0xFF, 0xF9, 0x1E, 0x00, 0x00, 0x00, 0x00, 0x00, 0x34, 0xFF, 0xFF,
    0x97, 0x00, 0x00, 0x00, 0x00, 0x00, 0x00, 0xB3, 0xFF, 0xF9, 0x1E, 0x00, 0x00, 0x00, 0x00, 0x00,
    0x33, 0xFF, 0xFF, 0x97, 0x00, 0x00, 0x00, 0x00, 0x00, 0x00, 0xB2, 0xFF, 0xF9, 0x1E, 0x00, 0x00,
    0x00, 0x00, 0x00, 0x32, 0xFF, 0xFF, 0x97, 0x00, 0x00, 0x00, 0x00, 0x00, 0x00, 0xB1, 0xFF, 0xF9,
    0x1E, 0x00, 0x00, 0x00, 0x00, 0x00, 0x31, 0xFF, 0xFF, 0x97, 0x00, 0x00, 0x00, 0x00, 0x00, 0x00,
    0x00, 0x14, 0x8B, 0xD8, 0xF7, 0xF1, 0xC6, 0x67, 0x04, 0x00, 0x00, 0x1A, 0xE1, 0xFF, 0xFF, 0xFF,
    0xFF, 0xFF, 0xFF, 0xB1, 0x01, 0x00, 0x8E, 0xFF, 0xFF, 0x87, 0x20, 0x30, 0xBF, 0xFF, 0xFF, 0x46,
    0x00, 0xA5, 0xFF, 0xF9, 0x01, 0x00, 0x00, 0x47, 0xFF, 0xFF, 0x5C, 0x00, 0x51, 0xFF, 0xFF, 0x77,
    0x0D, 0x1C, 0xB3, 0xFF, 0xEF, 0x17, 0x00, 0x00, 0x5F, 0xDB, 0xFF, 0xFF, 0xFF, 0xFF, 0xBF, 0x31,
    0x00, 0x00, 0x08, 0x94, 0xF5, 0xFF, 0xFF, 0xFF, 0xFF, 0xE5, 0x61, 0x00, 0x00, 0xA3, 0xFF, 0xFF,
    0x7F, 0x23, 0x31, 0xB7, 0xFF, 0xFF, 0x57, 0x11, 0xFD, 0xFF, 0xBB, 0x00, 0x00, 0x00, 0x0D, 0xFB,
    0xFF, 0xC8, 0x20, 0xFF, 0xFF, 0xB7, 0x00, 0x00, 0x00, 0x09, 0xF9, 0xFF, 0xDB, 0x02, 0xDF, 0xFF,
    0xFE, 0x79, 0x21, 0x2E, 0xAF, 0xFF, 0xFF, 0x9B, 0x00, 0x3F, 0xF4, 0xFF, 0xFF, 0xFF, 0xFF, 0xFF,
    0xFF, 0xD5, 0x16, 0x00, 0x00, 0x1F, 0x95, 0xDB, 0xF7, 0xF2, 0xCB, 0x76, 0x09, 0x00, 0x00, 0x00,
    0x17, 0x91, 0xDD, 0xF8, 0xEB, 0xAE, 0x39, 0x00, 0x00, 0x00, 0x29, 0xEC, 0xFF, 0xFF, 0xFF, 0xFF,
    0xFF, 0xFC, 0x5C, 0x00, 0x00, 0xC6, 0xFF, 0xFB, 0x6F, 0x1C, 0x39, 0xD6, 0xFF, 0xF6, 0x19, 0x14,
    0xFF, 0xFF, 0x8E, 0x00, 0x00, 0x00, 0x28, 0xFF, 0xFF, 0x7B, 0x21, 0xFF, 0xFF, 0x8B, 0x00, 0x00,
    0x00, 0x22, 0xFF, 0xFF, 0xB9, 0x04, 0xEB, 0xFF, 0xF4, 0x53, 0x0A, 0x28, 0xCA, 0xFF, 0xFF, 0xD3,
    0x00, 0x69, 0xFF, 0xFF, 0xFF, 0xFF, 0xFF, 0xDC, 0xD6, 0xFF, 0xD8, 0x00, 0x00, 0x5D, 0xD8, 0xFF,
    0xFB, 0xB0, 0x1C, 0xDF, 0xFF, 0xC3, 0x00, 0x00, 0x00, 0x00, 0x09, 0x03, 0x00, 0x12, 0xFB, 0xFF,
    0x9B, 0x01, 0xD8, 0xE8, 0xB0, 0x00, 0x00, 0x00, 0x69, 0xFF, 0xFF, 0x50, 0x00, 0x9B, 0xFF, 0xFF,
    0x76, 0x1E, 0x51, 0xEF, 0xFF, 0xD3, 0x03, 0x00, 0x14, 0xDA, 0xFF, 0xFF, 0xFF, 0xFF, 0xFF, 0xEB,
    0x30, 0x00, 0x00, 0x00, 0x0F, 0x8B, 0xDE, 0xF8, 0xE1, 0x9B, 0x20, 0x00, 0x00, 0x27, 0xDD, 0xDD,
    0x28, 0x78, 0xFF, 0xFF, 0x7B, 0x28, 0xDF, 0xDF, 0x29, 0x00, 0x00, 0x00, 0x00, 0x00, 0x00, 0x00,
    0x00, 0x00, 0x00, 0x00, 0x00, 0x00, 0x00, 0x00, 0x00, 0x27, 0xDD, 0xDD, 0x28, 0x78, 0xFF, 0xFF,
    0x7B, 0x28, 0xDF, 0xDF, 0x29, 0x11, 0xCC, 0xEA, 0x42, 0x50, 0xFF, 0xFF, 0xA3, 0x11, 0xCE, 0xEB,
    0x44, 0x00, 0x00, 0x00, 0x00, 0x00, 0x00, 0x00, 0x00, 0x00, 0x00, 0x00, 0x00, 0x00, 0x00, 0x00,
    0x00, 0x00, 0x00, 0x00, 0x00, 0x44, 0xFF, 0xFF, 0x4A, 0x6B, 0xFF, 0xF1, 0x06, 0x92, 0xFF, 0xA5,
    0x00, 0xB9, 0xFF, 0x53, 0x00, 0xE0, 0xF6, 0x0A, 0x00, 0x00, 0x00, 0x00, 0x00, 0x00, 0x00, 0x00,
    0x00, 0x03, 0x15, 0x00, 0x00, 0x00, 0x00, 0x00, 0x00, 0x0E, 0x71, 0xDF, 0x6C, 0x00, 0x00, 0x00,
    0x00, 0x1F, 0x8D, 0xF1, 0xFF, 0xFF, 0x6C, 0x00, 0x00, 0x38, 0xAA, 0xFC, 0xFF, 0xFF, 0xF5, 0x9D,
    0x22, 0x3C, 0xC6, 0xFF, 0xFF, 0xFF, 0xD5, 0x6D, 0x0F, 0x00, 0x00, 0x8C, 0xFF, 0xFF, 0xC1, 0x3E,
    0x00, 0x00, 0x00, 0x00, 0x00, 0x86, 0xFF, 0xFF, 0xFC, 0xB1, 0x49, 0x02, 0x00, 0x00, 0x00, 0x02,
    0x53, 0xC4, 0xFF, 0xFF, 0xFF, 0xDE, 0x78, 0x16, 0x00, 0x00, 0x00, 0x00, 0x35, 0xA7, 0xFB, 0xFF,
    0xFF, 0xF9, 0x53, 0x00, 0x00, 0x00, 0x00, 0x00, 0x1C, 0x89, 0xEF, 0xFF, 0x6C, 0x00, 0x00, 0x00,
    0x00, 0x00, 0x00, 0x00, 0x0B, 0x6C, 0x4F, 0x05, 0x14, 0x14, 0x14, 0x14, 0x14, 0x14, 0x14, 0x14,
    0x0A, 0x44, 0xFF, 0xFF, 0xFF, 0xFF, 0xFF, 0xFF, 0xFF, 0xFF, 0x80, 0x44, 0xFF, 0xFF, 0xFF, 0xFF,
    0xFF, 0xFF, 0xFF, 0xFF, 0x80, 0x00, 0x00, 0x00, 0x00, 0x00, 0x00, 0x00, 0x00, 0x00, 0x00, 0x05,
    0x14, 0x14, 0x14, 0x14, 0x14, 0x14, 0x14, 0x14, 0x0A, 0x44, 0xFF, 0xFF, 0xFF, 0xFF, 0xFF, 0xFF,
    0xFF, 0xFF, 0x80, 0x44, 0xFF, 0xFF, 0xFF, 0xFF, 0xFF, 0xFF, 0xFF, 0xFF, 0x80, 0x0D, 0x0C, 0x00,
    0x00, 0x00, 0x00, 0x00, 0x00, 0x00, 0x00, 0x34, 0xEF, 0x8A, 0x1C, 0x00, 0x00, 0x00, 0x00, 0x00,
    0x00, 0x34, 0xFF, 0xFF, 0xFB, 0xA6, 0x34, 0x00, 0x00, 0x00, 0x00, 0x0E, 0x86, 0xE8, 0xFF, 0xFF,
    0xFF, 0xC3, 0x51, 0x02, 0x00, 0x00, 0x00, 0x05, 0x56, 0xBE, 0xFF, 0xFF, 0xFF, 0xDD, 0x5E, 0x00,
    0x00, 0x00, 0x00, 0x00, 0x26, 0x9B, 0xFF, 0xFF, 0xC4, 0x00, 0x00, 0x00, 0x00, 0x2E, 0x96, 0xF1,
    0xFF, 0xFF, 0xBE, 0x00, 0x09, 0x5F, 0xC7, 0xFF, 0xFF, 0xFF, 0xDB, 0x6C, 0x0B, 0x25, 0xEF, 0xFF,
    0xFF, 0xFF, 0xBF, 0x4E, 0x02, 0x00, 0x00, 0x34, 0xFF, 0xF9, 0xA2, 0x31, 0x00, 0x00, 0x00, 0x00,
    0x00, 0x28, 0x84, 0x19, 0x00, 0x00, 0x00, 0x00, 0x00, 0x00, 0x00, 0x00, 0x02, 0x68, 0xCC, 0xF5,
    0xF3, 0xC8, 0x64, 0x01, 0x00, 0x00, 0x94, 0xFF, 0xFF, 0xFF, 0xFF, 0xFF, 0xFF, 0x90, 0x00, 0x1D,
    0xFD, 0xFF, 0xBF, 0x29, 0x37, 0xDD, 0xFF, 0xFC, 0x14, 0x2A, 0xA0, 0xA0, 0x2E, 0x00, 0x00, 0x88,
    0xFF, 0xFF, 0x2E, 0x00, 0x00, 0x00, 0x00, 0x00, 0x16, 0xD7, 0xFF, 0xF2, 0x0C, 0x00, 0x00, 0x00,
    0x00, 0x3C, 0xE4, 0xFF, 0xFD, 0x61, 0x00, 0x00, 0x00, 0x00, 0x21, 0xF7, 0xFF, 0xDD, 0x3C, 0x00,
    0x00, 0x00, 0x00, 0x00, 0x7A, 0xFF, 0xF6, 0x19, 0x00, 0x00, 0x00, 0x00, 0x00, 0x00, 0x7A, 0xD8,
    0xAE, 0x00, 0x00, 0x00, 0x00, 0x00, 0x00, 0x00, 0x00, 0x00, 0x00, 0x00, 0x00, 0x00, 0x00, 0x00,
    0x00, 0x00, 0x78, 0xEC, 0xA7, 0x02, 0x00, 0x00, 0x00, 0x00, 0x00, 0x00, 0xE8, 0xFF, 0xFF, 0x1F,
    0x00, 0x00, 0x00, 0x00, 0x00, 0x00, 0x81, 0xF5, 0xB1, 0x02, 0x00, 0x00, 0x00, 0x00, 0x00, 0x00,
    0x00, 0x01, 0x4E, 0xA5, 0xDA, 0xF5, 0xF9, 0xE6, 0xBD, 0x75, 0x12, 0x00, 0x00, 0x00, 0x00, 0x00,
    0x00, 0x00, 0x1B, 0xC5, 0xFF, 0xFF, 0xFF, 0xFF, 0xFF, 0xFF, 0xFF, 0xFF, 0xF2, 0x66, 0x00, 0x00,
    0x00, 0x00, 0x00, 0x22, 0xE9, 0xFF, 0xF9, 0x9C, 0x4D, 0x26, 0x1A, 0x31, 0x5F, 0xC0, 0xFF, 0xFF,
    0x80, 0x00, 0x00, 0x00, 0x03, 0xC6, 0xFF, 0xDF, 0x2B, 0x00, 0x00, 0x00, 0x00, 0x00, 0x00, 0x00,
    0x6C, 0xFE, 0xFF, 0x47, 0x00, 0x00, 0x57, 0xFF, 0xF9, 0x2D, 0x00, 0x34, 0xBD, 0xF4, 0xE7, 0x7C,
    0xC4, 0xFF, 0x0C, 0x93, 0xFF, 0xCD, 0x00, 0x00, 0xB1, 0xFF, 0x9C, 0x00, 0x2A, 0xF5, 0xFF, 0xFF,
    0xFF, 0xFF, 0xF9, 0xFF, 0x0C, 0x1C, 0xFE, 0xFF, 0x25, 0x00, 0xF4, 0xFF, 0x4B, 0x00, 0xAC, 0xFF,
    0xBF, 0x2E, 0x28, 0xA9, 0xFF, 0xFF, 0x0C, 0x00, 0xD2, 0xFF, 0x5B, 0x11, 0xFF, 0xFF, 0x1E, 0x00,
    0xF1, 0xFF, 0x1D, 0x00, 0x00, 0x0D, 0xFC, 0xFF, 0x0C, 0x00, 0xB6, 0xFF, 0x71, 0x25, 0xFF, 0xFF,
    0x10, 0x06, 0xFF, 0xF0, 0x00, 0x00, 0x00, 0x00, 0xE7, 0xFF, 0x0C, 0x00, 0xB5, 0xFF, 0x69, 0x15,
    0xFF, 0xFF, 0x1C, 0x00, 0xF4, 0xFD, 0x0B, 0x00, 0x00, 0x04, 0xF9, 0xFF, 0x0C, 0x00, 0xCA, 0xFF,
    0x49, 0x01, 0xF9, 0xFF, 0x44, 0x00, 0xB6, 0xFF, 0x7B, 0x00, 0x00, 0x6D, 0xFF, 0xFF, 0x1B, 0x1A,
    0xF9, 0xF6, 0x0F, 0x00, 0xC3, 0xFF, 0x92, 0x00, 0x39, 0xFB, 0xFF, 0xD1, 0xCF, 0xFF, 0xDB, 0xFF,
    0xDD, 0xE9, 0xFF, 0x8C, 0x00, 0x00, 0x67, 0xFF, 0xF5, 0x24, 0x00, 0x43, 0xC8, 0xF6, 0xE7, 0x85,
    0x1A, 0xB8, 0xF6, 0xE7, 0x8B, 0x05, 0x00, 0x00, 0x0C, 0xDA, 0xFF, 0xD9, 0x26, 0x00, 0x00, 0x00,
    0x00, 0x00, 0x00, 0x00, 0x00, 0x00, 0x00, 0x00, 0x00, 0x00, 0x00, 0x30, 0xF4, 0xFF, 0xF7, 0x9A,
    0x4E, 0x25, 0x19, 0x2C, 0x4A, 0x8B, 0x1E, 0x00, 0x00, 0x00, 0x00, 0x00, 0x00, 0x00, 0x28, 0xD0,
    0xFF, 0xFF, 0xFF, 0xFF, 0xFF, 0xFF, 0xFF, 0xFF, 0x7C, 0x00, 0x00, 0x00, 0x00, 0x00, 0x00, 0x00,
    0x00, 0x04, 0x49, 0xA2, 0xD2, 0xEB, 0xFB, 0xEE, 0xC8, 0x8C, 0x30, 0x00, 0x00, 0x00, 0x00, 0x00,
    0x00, 0x00, 0x00, 0x45, 0xFF, 0xFF, 0xFF, 0x98, 0x00, 0x00, 0x00, 0x00, 0x00, 0x00, 0x00, 0x00,
    0x9D, 0xFF, 0xFF, 0xFF, 0xED, 0x05, 0x00, 0x00, 0x00, 0x00, 0x00, 0x00, 0x05, 0xEE, 0xFF, 0xC9,
    0xFF, 0xFF, 0x4D, 0x00, 0x00, 0x00, 0x00, 0x00, 0x00, 0x4D, 0xFF, 0xFF, 0x50, 0xF6, 0xFF, 0xA8,
    0x00, 0x00, 0x00, 0x00, 0x00, 0x00, 0xA5, 0xFF, 0xFB, 0x0D, 0xB9, 0xFF, 0xF5, 0x0C, 0x00, 0x00,
    0x00, 0x00, 0x09, 0xF3, 0xFF, 0xC2, 0x00, 0x6F, 0xFF, 0xFF, 0x5D, 0x00, 0x00, 0x00, 0x00, 0x55,
    0xFF, 0xFF, 0x7A, 0x00, 0x24, 0xFF, 0xFF, 0xB7, 0x00, 0x00, 0x00, 0x00, 0xAD, 0xFF, 0xFF, 0x44,
    0x1C, 0x1C, 0xD8, 0xFF, 0xFB, 0x16, 0x00, 0x00, 0x0D, 0xF7, 0xFF, 0xFF, 0xFF, 0xFF, 0xFF, 0xFF,
    0xFF, 0xFF, 0x6C, 0x00, 0x00, 0x5D, 0xFF, 0xFF, 0xFF, 0xFF, 0xFF, 0xFF, 0xFF, 0xFF, 0xFF, 0xC7,
    0x00, 0x00, 0xB5, 0xFF, 0xFF, 0x35, 0x00, 0x00, 0x00, 0x00, 0xD1, 0xFF, 0xFF, 0x22, 0x12, 0xFA,
    0xFF, 0xE0, 0x00, 0x00, 0x00, 0x00, 0x00, 0x7A, 0xFF, 0xFF, 0x7C, 0x64, 0xFF, 0xFF, 0x8D, 0x00,
    0x00, 0x00, 0x00, 0x00, 0x23, 0xFF, 0xFF, 0xD6, 0xD0, 0xFF, 0xFF, 0xFF, 0xFF, 0xFC, 0xE8, 0xAD,
    0x30, 0x00, 0x00, 0xD0, 0xFF, 0xFF, 0xFF, 0xFF, 0xFF, 0xFF, 0xFF, 0xF6, 0x30, 0x00, 0xD0, 0xFF,
    0xE2, 0x14, 0x14, 0x23, 0x95, 0xFF, 0xFF, 0x9B, 0x00, 0xD0, 0xFF, 0xE0, 0x00, 0x00, 0x00, 0x12,
    0xFF, 0xFF, 0xA3, 0x00, 0xD0, 0xFF, 0xE0, 0x00, 0x00, 0x13, 0x90, 0xFF, 0xFE, 0x48, 0x00, 0xD0,
    0xFF, 0xFF, 0xFF, 0xFF, 0xFF, 0xFF, 0xCB, 0x43, 0x00, 0x00, 0xD0, 0xFF, 0xFF, 0xFF, 0xFF, 0xFF,
    0xFF, 0xFF, 0xC0, 0x1B, 0x00, 0xD0, 0xFF, 0xE2, 0x14, 0x14, 0x1F, 0x72, 0xFE, 0xFF, 0xC3, 0x00,
    0xD0, 0xFF, 0xE0, 0x00, 0x00, 0x00, 0x00, 0xAF, 0xFF, 0xFF, 0x20, 0xD0, 0xFF, 0xE0, 0x00, 0x00,
    0x00, 0x00, 0x9F, 0xFF, 0xFF, 0x2D, 0xD0, 0xFF, 0xE2, 0x14, 0x14, 0x1D, 0x5C, 0xF7, 0xFF, 0xF0,
    0x09, 0xD0, 0xFF, 0xFF, 0xFF, 0xFF, 0xFF, 0xFF, 0xFF, 0xFF, 0x6C, 0x00, 0xD0, 0xFF, 0xFF, 0xFF,
    0xFF, 0xFF, 0xEE, 0xBD, 0x4D, 0x00, 0x00, 0x00, 0x00, 0x00, 0x17, 0x82, 0xD3, 0xF3, 0xF1, 0xCC,
    0x79, 0x0B, 0x00, 0x00, 0x00, 0x00, 0x3B, 0xE8, 0xFF, 0xFF, 0xFF, 0xFF, 0xFF, 0xFF, 0xE0, 0x23,
    0x00, 0x00, 0x19, 0xEA, 0xFF, 0xF6, 0x71, 0x21, 0x29, 0x83, 0xFE, 0xFF, 0xD2, 0x03, 0x00, 0x91,
    0xFF, 0xFF, 0x5D, 0x00, 0x00, 0x00, 0x00, 0x88, 0xFF, 0xFF, 0x4C, 0x00, 0xEA, 0xFF, 0xDD, 0x02,
    0x00, 0x00, 0x00, 0x00, 0x19, 0x68, 0x68, 0x32, 0x11, 0xFF, 0xFF, 0xAC, 0x00, 0x00, 0x00, 0x00,
    0x00, 0x00, 0x00, 0x00, 0x00, 0x25, 0xFF, 0xFF, 0x91, 0x00, 0x00, 0x00, 0x00, 0x00, 0x00, 0x00,
    0x00, 0x00, 0x12, 0xFF, 0xFF, 0x9E, 0x00, 0x00, 0x00, 0x00, 0x00, 0x00, 0x00, 0x00, 0x00, 0x00,
    0xEA, 0xFF, 0xD4, 0x00, 0x00, 0x00, 0x00, 0x00, 0x18, 0x64, 0x64, 0x31, 0x00, 0x92, 0xFF, 0xFF,
    0x4D, 0x00, 0x00, 0x00, 0x00, 0x87, 0xFF, 0xFF, 0x4E, 0x00, 0x1A, 0xEB, 0xFF, 0xF4, 0x6E, 0x20,
    0x28, 0x83, 0xFD, 0xFF, 0xD0, 0x02, 0x00, 0x00, 0x3C, 0xEA, 0xFF, 0xFF, 0xFF, 0xFF, 0xFF, 0xFF,
    0xDA, 0x1E, 0x00, 0x00, 0x00, 0x00, 0x18, 0x84, 0xD4, 0xF4, 0xF1, 0xCC, 0x76, 0x09, 0x00, 0x00,
    0xD0, 0xFF, 0xFF, 0xFF, 0xFF, 0xED, 0xCE, 0x7D, 0x16, 0x00, 0x00, 0x00, 0xD0, 0xFF, 0xFF, 0xFF,
    0xFF, 0xFF, 0xFF, 0xFF, 0xE8, 0x3D, 0x00, 0x00, 0xD0, 0xFF, 0xE2, 0x14, 0x15, 0x28, 0x71, 0xF1,
    0xFF, 0xEC, 0x1B, 0x00, 0xD0, 0xFF, 0xE0, 0x00, 0x00, 0x00, 0x00, 0x3C, 0xFF, 0xFF, 0x94, 0x00,
    0xD0, 0xFF, 0xE0, 0x00, 0x00, 0x00, 0x00, 0x00, 0xC5, 0xFF, 0xEB, 0x00, 0xD0, 0xFF, 0xE0, 0x00,
    0x00, 0x00, 0x00, 0x00, 0x92, 0xFF, 0xFF, 0x12, 0xD0, 0xFF, 0xE0, 0x00, 0x00, 0x00, 0x00, 0x00,
    0x84, 0xFF, 0xFF, 0x25, 0xD0, 0xFF, 0xE0, 0x00, 0x00, 0x00, 0x00, 0x00, 0x92, 0xFF, 0xFF, 0x11,
    0xD0, 0xFF, 0xE0, 0x00, 0x00, 0x00, 0x00, 0x00, 0xC7, 0xFF, 0xEA, 0x00, 0xD0, 0xFF, 0xE0, 0x00,
    0x00, 0x00, 0x00, 0x3F, 0xFF, 0xFF, 0x94, 0x00, 0xD0, 0xFF, 0xE2, 0x14, 0x15, 0x28, 0x72, 0xF2,
    0xFF, 0xEC, 0x1B, 0x00, 0xD0, 0xFF, 0xFF, 0xFF, 0xFF, 0xFF, 0xFF, 0xFF, 0xE7, 0x3C, 0x00, 0x00,
    0xD0, 0xFF, 0xFF, 0xFF, 0xFF, 0xED, 0xCD, 0x7C, 0x15, 0x00, 0x00, 0x00, 0xD0, 0xFF, 0xFF, 0xFF,
    0xFF, 0xFF, 0xFF, 0xFF, 0xF4, 0xD0, 0xFF, 0xFF, 0xFF, 0xFF, 0xFF, 0xFF, 0xFF, 0xF4, 0xD0, 0xFF,
    0xE2, 0x14, 0x14, 0x14, 0x14, 0x14, 0x13, 0xD0, 0xFF, 0xE0, 0x00, 0x00, 0x00, 0x00, 0x00, 0x00,
    0xD0, 0xFF, 0xE0, 0x00, 0x00, 0x00, 0x00, 0x00, 0x00, 0xD0, 0xFF, 0xFF, 0xFF, 0xFF, 0xFF, 0xFF,
    0xFF, 0x80, 0xD0, 0xFF, 0xFF, 0xFF, 0xFF, 0xFF, 0xFF, 0xFF, 0x80, 0xD0, 0xFF, 0xE2, 0x14, 0x14,
    0x14, 0x14, 0x14, 0x0A, 0xD0, 0xFF, 0xE0, 0x00, 0x00, 0x00, 0x00, 0x00, 0x00, 0xD0, 0xFF, 0xE0,
    0x00, 0x00, 0x00, 0x00, 0x00, 0x00, 0xD0, 0xFF, 0xE2, 0x14, 0x14, 0x14, 0x14, 0x14, 0x13, 0xD0,
    0xFF, 0xFF, 0xFF, 0xFF, 0xFF, 0xFF, 0xFF, 0xF8, 0xD0, 0xFF, 0xFF, 0xFF, 0xFF, 0xFF, 0xFF, 0xFF,
    0xF8, 0xD0, 0xFF, 0xFF, 0xFF, 0xFF, 0xFF, 0xFF, 0xFF, 0xCC, 0xD0, 0xFF, 0xFF, 0xFF, 0xFF, 0xFF,
    0xFF, 0xFF, 0xCC, 0xD0, 0xFF, 0xE2, 0x14, 0x14, 0x14, 0x14, 0x14, 0x0F, 0xD0, 0xFF, 0xE0, 0x00,
    0x00, 0x00, 0x00, 0x00, 0x00, 0xD0, 0xFF, 0xE0, 0x00, 0x00, 0x00, 0x00, 0x00, 0x00, 0xD0, 0xFF,
    0xE2, 0x14, 0x14, 0x14, 0x14, 0x14, 0x04, 0xD0, 0xFF, 0xFF, 0xFF, 0xFF, 0xFF, 0xFF, 0xFF, 0x38,
    0xD0, 0xFF, 0xFF, 0xFF, 0xFF, 0xFF, 0xFF, 0xFF, 0x38, 0xD0, 0xFF, 0xE0, 0x00, 0x00, 0x00, 0x00,
    0x00, 0x00, 0xD0, 0xFF, 0xE0, 0x00, 0x00, 0x00, 0x00, 0x00, 0x00, 0xD0, 0xFF, 0xE0, 0x00, 0x00,
    0x00, 0x00, 0x00, 0x00, 0xD0, 0xFF, 0xE0, 0x00, 0x00, 0x00, 0x00, 0x00, 0x00, 0xD0, 0xFF, 0xE0,
    0x00, 0x00, 0x00, 0x00, 0x00, 0x00, 0x00, 0x00, 0x00, 0x14, 0x7D, 0xD1, 0xF2, 0xF2, 0xCC, 0x79,
    0x0C, 0x00, 0x00, 0x00, 0x00, 0x36, 0xE5, 0xFF, 0xFF, 0xFF, 0xFF, 0xFF, 0xFF, 0xE3, 0x2A, 0x00,
    0x00, 0x17, 0xE7, 0xFF, 0xF7, 0x73, 0x22, 0x26, 0x7C, 0xFC, 0xFF, 0xDC, 0x09, 0x00, 0x8E, 0xFF,
    0xFF, 0x5F, 0x00, 0x00, 0x00, 0x00, 0x80, 0xFF, 0xFF, 0x56, 0x00, 0xE8, 0xFF, 0xDD, 0x02, 0x00,
    0x00, 0x00, 0x00, 0x03, 0x10, 0x10, 0x07, 0x11, 0xFF, 0xFF, 0xAB, 0x00, 0x00, 0x00, 0x10, 0x14,
    0x14, 0x14, 0x14, 0x0C, 0x25, 0xFF, 0xFF, 0x93, 0x00, 0x00, 0x00, 0xD0, 0xFF, 0xFF, 0xFF, 0xFF,
    0xA4, 0x12, 0xFF, 0xFF, 0xAC, 0x00, 0x00, 0x00, 0xD0, 0xFF, 0xFF, 0xFF, 0xFF, 0xA0, 0x00, 0xEA,
    0xFF, 0xDC, 0x02, 0x00, 0x00, 0x00, 0x00, 0x10, 0xFF, 0xFF, 0x87, 0x00, 0x93, 0xFF, 0xFF, 0x5D,
    0x00, 0x00, 0x00, 0x00, 0x64, 0xFF, 0xFF, 0x4D, 0x00, 0x1A, 0xEB, 0xFF, 0xF6, 0x71, 0x21, 0x27,
    0x70, 0xF3, 0xFF, 0xD3, 0x03, 0x00, 0x00, 0x3B, 0xE8, 0xFF, 0xFF, 0xFF, 0xFF, 0xFF, 0xFF, 0xDF,
    0x25, 0x00, 0x00, 0x00, 0x00, 0x17, 0x82, 0xD2, 0xF2, 0xF2, 0xD0, 0x7D, 0x0E, 0x00, 0x00, 0xD0,
    0xFF, 0xE0, 0x00, 0x00, 0x00, 0x00, 0x00, 0x6C, 0xFF, 0xFF, 0x44, 0xD0, 0xFF, 0xE0, 0x00, 0x00,
    0x00, 0x00, 0x00, 0x6C, 0xFF, 0xFF, 0x44, 0xD0, 0xFF, 0xE0, 0x00, 0x00, 0x00, 0x00, 0x00, 0x6C,
    0xFF, 0xFF, 0x44, 0xD0, 0xFF, 0xE0, 0x00, 0x00, 0x00, 0x00, 0x00, 0x6C, 0xFF, 0xFF, 0x44, 0xD0,
    0xFF, 0xE0, 0x00, 0x00, 0x00, 0x00, 0x00, 0x6C, 0xFF, 0xFF, 0x44, 0xD0, 0xFF, 0xFF, 0xFF, 0xFF,
    0xFF, 0xFF, 0xFF, 0xFF, 0xFF, 0xFF, 0x44, 0xD0, 0xFF, 0xFF, 0xFF, 0xFF, 0xFF, 0xFF, 0xFF, 0xFF,
    0xFF, 0xFF, 0x44, 0xD0, 0xFF, 0xE2, 0x14, 0x14, 0x14, 0x14, 0x14, 0x77, 0xFF, 0xFF, 0x44, 0xD0,
    0xFF, 0xE0, 0x00, 0x00, 0x00, 0x00, 0x00, 0x6C, 0xFF, 0xFF, 0x44, 0xD0, 0xFF, 0xE0, 0x00, 0x00,
    0x00, 0x00, 0x00, 0x6C, 0xFF, 0xFF, 0x44, 0xD0, 0xFF, 0xE0, 0x00, 0x00, 0x00, 0x00, 0x00, 0x6C,
    0xFF, 0xFF, 0x44, 0xD0, 0xFF, 0xE0, 0x00, 0x00, 0x00, 0x00, 0x00, 0x6C, 0xFF, 0xFF, 0x44, 0xD0,
    0xFF, 0xE0, 0x00, 0x00, 0x00, 0x00, 0x00, 0x6C, 0xFF, 0xFF, 0x44, 0xD0, 0xFF, 0xE0, 0xD0, 0xFF,
    0xE0, 0xD0, 0xFF, 0xE0, 0xD0, 0xFF, 0xE0, 0xD0, 0xFF, 0xE0, 0xD0, 0xFF, 0xE0, 0xD0, 0xFF, 0xE0,
    0xD0, 0xFF, 0xE0, 0xD0, 0xFF, 0xE0, 0xD0, 0xFF, 0xE0, 0xD0, 0xFF, 0xE0, 0xD0, 0xFF, 0xE0, 0xD0,
    0xFF, 0xE0, 0x00, 0x00, 0x00, 0x00, 0x00, 0x00, 0x50, 0xFF, 0xFF, 0x54, 0x00, 0x00, 0x00, 0x00,
    0x00, 0x00, 0x50, 0xFF, 0xFF, 0x54, 0x00, 0x00, 0x00, 0x00, 0x00, 0x00, 0x50, 0xFF, 0xFF, 0x54,
    0x00, 0x00, 0x00, 0x00, 0x00, 0x00, 0x50, 0xFF, 0xFF, 0x54, 0x00, 0x00, 0x00, 0x00, 0x00, 0x00,
    0x50, 0xFF, 0xFF, 0x54, 0x00, 0x00, 0x00, 0x00, 0x00, 0x00, 0x50, 0xFF, 0xFF, 0x54, 0x00, 0x00,
    0x00, 0x00, 0x00, 0x00, 0x50, 0xFF, 0xFF, 0x54, 0x00, 0x00, 0x00, 0x00, 0x00, 0x00, 0x50, 0xFF,
    0xFF, 0x54, 0x54, 0xD0, 0xD0, 0x3A, 0x00, 0x00, 0x50, 0xFF, 0xFF, 0x53, 0x5C, 0xFF, 0xFF, 0x5C,
    0x00, 0x00, 0x65, 0xFF, 0xFF, 0x48, 0x26, 0xFF, 0xFF, 0xD4, 0x3D, 0x40, 0xDA, 0xFF, 0xFC, 0x16,
    0x00, 0x9B, 0xFF, 0xFF, 0xFF, 0xFF, 0xFF, 0xFF, 0x8A, 0x00, 0x00, 0x02, 0x6E, 0xD1, 0xF8, 0xF7,
    0xCD, 0x66, 0x01, 0x00, 0xD0, 0xFF, 0xE0, 0x00, 0x00, 0x00, 0x00, 0x5A, 0xFF, 0xFF, 0xDA, 0x13,
    0xD0, 0xFF, 0xE0, 0x00, 0x00, 0x00, 0x3B, 0xF8, 0xFF, 0xEB, 0x24, 0x00, 0xD0, 0xFF, 0xE0, 0x00,
    0x00, 0x23, 0xEB, 0xFF, 0xF7, 0x3A, 0x00, 0x00, 0xD0, 0xFF, 0xDF, 0x00, 0x10, 0xD8, 0xFF, 0xFE,
    0x56, 0x00, 0x00, 0x00, 0xD0, 0xFF, 0xDC, 0x01, 0xB4, 0xFF, 0xFF, 0x77, 0x00, 0x00, 0x00, 0x00,
    0xD0, 0xFF, 0xD8, 0x76, 0xFF, 0xFF, 0xB1, 0x00, 0x00, 0x00, 0x00, 0x00, 0xD0, 0xFF, 0xEE, 0xF8,
    0xFF, 0xFF, 0xEF, 0x1C, 0x00, 0x00, 0x00, 0x00, 0xD0, 0xFF, 0xFF, 0xFF, 0xBC, 0xFF, 0xFF, 0xB9,
    0x01, 0x00, 0x00, 0x00, 0xD0, 0xFF, 0xFF, 0x9B, 0x00, 0xAC, 0xFF, 0xFF, 0x6A, 0x00, 0x00, 0x00,
    0xD0, 0xFF, 0xE7, 0x03, 0x00, 0x16, 0xEB, 0xFF, 0xF5, 0x24, 0x00, 0x00, 0xD0, 0xFF, 0xE0, 0x00,
    0x00, 0x00, 0x57, 0xFF, 0xFF, 0xC5, 0x03, 0x00, 0xD0, 0xFF, 0xE0, 0x00, 0x00, 0x00, 0x00, 0xAC,
    0xFF, 0xFF, 0x78, 0x00, 0xD0, 0xFF, 0xE0, 0x00, 0x00, 0x00, 0x00, 0x16, 0xEB, 0xFF, 0xF9, 0x2E,
    0xD0, 0xFF, 0xE0, 0x00, 0x00, 0x00, 0x00, 0x00, 0x00, 0xD0, 0xFF, 0xE0, 0x00, 0x00, 0x00, 0x00,
    0x00, 0x00, 0xD0, 0xFF, 0xE0, 0x00, 0x00, 0x00, 0x00, 0x00, 0x00, 0xD0, 0xFF, 0xE0, 0x00, 0x00,
    0x00, 0x00, 0x00, 0x00, 0xD0, 0xFF, 0xE0, 0x00, 0x00, 0x00, 0x00, 0x00, 0x00, 0xD0, 0xFF, 0xE0,
    0x00, 0x00, 0x00, 0x00, 0x00, 0x00, 0xD0, 0xFF, 0xE0, 0x00, 0x00, 0x00, 0x00, 0x00, 0x00, 0xD0,
    0xFF, 0xE0, 0x00, 0x00, 0x00, 0x00, 0x00, 0x00, 0xD0, 0xFF, 0xE0, 0x00, 0x00, 0x00, 0x00, 0x00,
    0x00, 0xD0, 0xFF, 0xE0, 0x00, 0x00, 0x00, 0x00, 0x00, 0x00, 0xD0, 0xFF, 0xE7, 0x38, 0x38, 0x38,
    0x38, 0x38, 0x1C, 0xD0, 0xFF, 0xFF, 0xFF, 0xFF, 0xFF, 0xFF, 0xFF, 0x84, 0xD0, 0xFF, 0xFF, 0xFF,
    0xFF, 0xFF, 0xFF, 0xFF, 0x84, 0xD0, 0xFF, 0xFF, 0xFF, 0x78, 0x00, 0x00, 0x00, 0x00, 0x00, 0xB5,
    0xFF, 0xFF, 0xFF, 0x98, 0xD0, 0xFF, 0xFF, 0xFF, 0xD3, 0x00, 0x00, 0x00, 0x00, 0x13, 0xFA, 0xFF,
    0xFF, 0xFF, 0x98, 0xD0, 0xFF, 0xF6, 0xFF, 0xFF, 0x2E, 0x00, 0x00, 0x00, 0x68, 0xFF, 0xF2, 0xFF,
    0xFF, 0x98, 0xD0, 0xFF, 0xC9, 0xF2, 0xFF, 0x89, 0x00, 0x00, 0x00, 0xC2, 0xFF, 0xB6, 0xFF, 0xFF,
    0x98, 0xD0, 0xFF, 0xCA, 0xB0, 0xFF, 0xE2, 0x01, 0x00, 0x1C, 0xFE, 0xFF, 0x76, 0xFF, 0xFF, 0x98,
    0xD0, 0xFF, 0xD2, 0x63, 0xFF, 0xFF, 0x3F, 0x00, 0x74, 0xFF, 0xFF, 0x35, 0xFF, 0xFF, 0x98, 0xD0,
    0xFF, 0xD6, 0x16, 0xFD, 0xFF, 0x92, 0x00, 0xC6, 0xFF, 0xD0, 0x1B, 0xFF, 0xFF, 0x98, 0xD0, 0xFF,
    0xD8, 0x00, 0xBB, 0xFF, 0xD2, 0x0D, 0xFC, 0xFF, 0x78, 0x1C, 0xFF, 0xFF, 0x98, 0xD0, 0xFF, 0xD8,
    0x00, 0x5E, 0xFF, 0xFE, 0x58, 0xFF, 0xFE, 0x1F, 0x1C, 0xFF, 0xFF, 0x98, 0xD0, 0xFF, 0xD8, 0x00,
    0x0C, 0xF5, 0xFF, 0xCA, 0xFF, 0xC2, 0x00, 0x1C, 0xFF, 0xFF, 0x98, 0xD0, 0xFF, 0xD8, 0x00, 0x00,
    0xA4, 0xFF, 0xFF, 0xFF, 0x67, 0x00, 0x1C, 0xFF, 0xFF, 0x98, 0xD0, 0xFF, 0xD8, 0x00, 0x00, 0x47,
    0xFF, 0xFF, 0xFA, 0x12, 0x00, 0x1C, 0xFF, 0xFF, 0x98, 0xD0, 0xFF, 0xD8, 0x00, 0x00, 0x03, 0xE7,
    0xFF, 0xB1, 0x00, 0x00, 0x1C, 0xFF, 0xFF, 0x98, 0xD0, 0xFF, 0xFF, 0x7B, 0x00, 0x00, 0x00, 0x00,
    0x34, 0xFF, 0xFF, 0x88, 0xD0, 0xFF, 0xFF, 0xF7, 0x25, 0x00, 0x00, 0x00, 0x34, 0xFF, 0xFF, 0x88,
    0xD0, 0xFF, 0xFF, 0xFF, 0xBC, 0x00, 0x00, 0x00, 0x34, 0xFF, 0xFF, 0x88, 0xD0, 0xFF, 0xE9, 0xFE,
    0xFF, 0x5E, 0x00, 0x00, 0x34, 0xFF, 0xFF, 0x88, 0xD0, 0xFF, 0xD0, 0xAC, 0xFF, 0xEB, 0x13, 0x00,
    0x34, 0xFF, 0xFF, 0x88, 0xD0, 0xFF, 0xDF, 0x26, 0xFB, 0xFF, 0x9F, 0x00, 0x34, 0xFF, 0xFF, 0x88,
    0xD0, 0xFF, 0xE8, 0x00, 0x8E, 0xFF, 0xFF, 0x40, 0x32, 0xFF, 0xFF, 0x88, 0xD0, 0xFF, 0xEB, 0x00,
    0x0D, 0xE3, 0xFF, 0xD0, 0x2E, 0xFF, 0xFF, 0x88, 0xD0, 0xFF, 0xEC, 0x00, 0x00, 0x50, 0xFF, 0xFF,
    0x77, 0xFF, 0xFF, 0x88, 0xD0, 0xFF, 0xEC, 0x00, 0x00, 0x00, 0xAE, 0xFF, 0xDF, 0xFF, 0xFF, 0x88,
    0xD0, 0xFF, 0xEC, 0x00, 0x00, 0x00, 0x1B, 0xF1, 0xFF, 0xFF, 0xFF, 0x88, 0xD0, 0xFF, 0xEC, 0x00,
    0x00, 0x00, 0x00, 0x6B, 0xFF, 0xFF, 0xFF, 0x88, 0xD0, 0xFF, 0xEC, 0x00, 0x00, 0x00, 0x00, 0x02,
    0xC6, 0xFF, 0xFF, 0x88, 0x00, 0x00, 0x00, 0x16, 0x80, 0xD2, 0xF2, 0xEF, 0xCB, 0x72, 0x0C, 0x00,
    0x00, 0x00, 0x00, 0x00, 0x39, 0xE7, 0xFF, 0xFF, 0xFF, 0xFF, 0xFF, 0xFF, 0xD7, 0x26, 0x00, 0x00,
    0x00, 0x19, 0xEA, 0xFF, 0xF5, 0x6E, 0x20, 0x26, 0x7E, 0xFC, 0xFF, 0xD5, 0x0A, 0x00, 0x00, 0x91,
    0xFF, 0xFF, 0x50, 0x00, 0x00, 0x00, 0x00, 0x71, 0xFF, 0xFF, 0x6D, 0x00, 0x00, 0xEA, 0xFF, 0xD6,
    0x00, 0x00, 0x00, 0x00, 0x00, 0x07, 0xF1, 0xFF, 0xC8, 0x00, 0x11, 0xFF, 0xFF, 0x9F, 0x00, 0x00,
    0x00, 0x00, 0x00, 0x00, 0xC3, 0xFF, 0xF0, 0x00, 0x25, 0xFF, 0xFF, 0x91, 0x00, 0x00, 0x00, 0x00,
    0x00, 0x00, 0xB5, 0xFF, 0xFF, 0x05, 0x12, 0xFF, 0xFF, 0xAB, 0x00, 0x00, 0x00, 0x00, 0x00, 0x00,
    0xCF, 0xFF, 0xF0, 0x00, 0x00, 0xEA, 0xFF, 0xDB, 0x01, 0x00, 0x00, 0x00, 0x00, 0x0B, 0xF3, 0xFF,
    0xCA, 0x00, 0x00, 0x92, 0xFF, 0xFF, 0x5A, 0x00, 0x00, 0x00, 0x00, 0x79, 0xFF, 0xFF, 0x6F, 0x00,
    0x00, 0x19, 0xEA, 0xFF, 0xF4, 0x6E, 0x20, 0x24, 0x7C, 0xFB, 0xFF, 0xD7, 0x0B, 0x00, 0x00, 0x00,
    0x3A, 0xE7, 0xFF, 0xFF, 0xFF, 0xFF, 0xFF, 0xFF, 0xD8, 0x26, 0x00, 0x00, 0x00, 0x00, 0x00, 0x16,
    0x81, 0xD2, 0xF3, 0xF0, 0xCB, 0x73, 0x0C, 0x00, 0x00, 0x00, 0xD0, 0xFF, 0xFF, 0xFF, 0xFF, 0xF9,
    0xDB, 0x89, 0x0E, 0x00, 0xD0, 0xFF, 0xFF, 0xFF, 0xFF, 0xFF, 0xFF, 0xFF, 0xD7, 0x0E, 0xD0, 0xFF,
    0xE2, 0x14, 0x14, 0x31, 0xB4, 0xFF, 0xFF, 0x8A, 0xD0, 0xFF, 0xE0, 0x00, 0x00, 0x00, 0x0D, 0xF3,
    0xFF, 0xDC, 0xD0, 0xFF, 0xE0, 0x00, 0x00, 0x00, 0x00, 0xD5, 0xFF, 0xF4, 0xD0, 0xFF, 0xE0, 0x00,
    0x00, 0x00, 0x0E, 0xF4, 0xFF, 0xDD, 0xD0, 0xFF, 0xE2, 0x14, 0x14, 0x31, 0xB4, 0xFF, 0xFF, 0x8E,
    0xD0, 0xFF, 0xFF, 0xFF, 0xFF, 0xFF, 0xFF, 0xFF, 0xD8, 0x10, 0xD0, 0xFF, 0xFF, 0xFF, 0xFF, 0xF8,
    0xDA, 0x89, 0x0E, 0x00, 0xD0, 0xFF, 0xE0, 0x00, 0x00, 0x00, 0x00, 0x00, 0x00, 0x00, 0xD0, 0xFF,
    0xE0, 0x00, 0x00, 0x00, 0x00, 0x00, 0x00, 0x00, 0xD0, 0xFF, 0xE0, 0x00, 0x00, 0x00, 0x00, 0x00,
    0x00, 0x00, 0xD0, 0xFF, 0xE0, 0x00, 0x00, 0x00, 0x00, 0x00, 0x00, 0x00, 0x00, 0x00, 0x00, 0x16,
    0x80, 0xD2, 0xF2, 0xEF, 0xCB, 0x72, 0x0C, 0x00, 0x00, 0x00, 0x00, 0x00, 0x39, 0xE7, 0xFF, 0xFF,
    0xFF, 0xFF, 0xFF, 0xFF, 0xD7, 0x26, 0x00, 0x00, 0x00, 0x19, 0xEA, 0xFF, 0xFF, 0xB1, 0x68, 0x6C,
    0xBE, 0xFF, 0xFF, 0xD5, 0x0A, 0x00, 0x00, 0x91, 0xFF, 0xFF, 0x80, 0x00, 0x00, 0x00, 0x00, 0x9D,
    0xFF, 0xFF, 0x6D, 0x00, 0x00, 0xEA, 0xFF, 0xE4, 0x07, 0x00, 0x00, 0x00, 0x00, 0x16, 0xF7, 0xFF,
    0xC9, 0x00, 0x11, 0xFF, 0xFF, 0xAE, 0x00, 0x00, 0x00, 0x00, 0x00, 0x00, 0xD2, 0xFF, 0xF0, 0x00,
    0x25, 0xFF, 0xFF, 0x94, 0x00, 0x00, 0x00, 0x00, 0x00, 0x00, 0xB9, 0xFF, 0xFF, 0x05, 0x12, 0xFF,
    0xFF, 0xAD, 0x00, 0x00, 0x00, 0x00, 0x00, 0x00, 0xD3, 0xFF, 0xF4, 0x00, 0x00, 0xEA, 0xFF, 0xE3,
    0x06, 0x00, 0x60, 0x90, 0x5A, 0x0E, 0xF7, 0xFF, 0xC6, 0x00, 0x00, 0x92, 0xFF, 0xFF, 0x7D, 0x00,
    0x20, 0xEC, 0xFC, 0xB8, 0xFF, 0xFF, 0x6E, 0x00, 0x00, 0x19, 0xEA, 0xFF, 0xFF, 0xAF, 0x67, 0xA7,
    0xFF, 0xFF, 0xFF, 0xD8, 0x07, 0x00, 0x00, 0x00, 0x3A, 0xE7, 0xFF, 0xFF, 0xFF, 0xFF, 0xFF, 0xFF,
    0xFF, 0x36, 0x00, 0x00, 0x00, 0x00, 0x00, 0x16, 0x81, 0xD2, 0xF3, 0xF4, 0xCE, 0xD3, 0xFF, 0xB9,
    0x02, 0x00, 0x00, 0x00, 0x00, 0x00, 0x00, 0x00, 0x00, 0x00, 0x00, 0x19, 0xE4, 0xFC, 0x7F, 0x00,
    0xD0, 0xFF, 0xFF, 0xFF, 0xFF, 0xFB, 0xE2, 0x9C, 0x1E, 0x00, 0x00, 0xD0, 0xFF, 0xFF, 0xFF, 0xFF,
    0xFF, 0xFF, 0xFF, 0xEC, 0x25, 0x00, 0xD0, 0xFF, 0xE2, 0x14, 0x14, 0x2B, 0x99, 0xFF, 0xFF, 0xAC,
    0x00, 0xD0, 0xFF, 0xE0, 0x00, 0x00, 0x00, 0x01, 0xE6, 0xFF, 0xED, 0x00, 0xD0, 0xFF, 0xE0, 0x00,
    0x00, 0x00, 0x00, 0xE0, 0xFF, 0xEE, 0x00, 0xD0, 0xFF, 0xE0, 0x00, 0x00, 0x15, 0x81, 0xFF, 0xFF,
    0xB9, 0x00, 0xD0, 0xFF, 0xFF, 0xFF, 0xFF, 0xFF, 0xFF, 0xFF, 0xF6, 0x37, 0x00, 0xD0, 0xFF, 0xFF,
    0xFF, 0xFF, 0xFF, 0xFF, 0xE1, 0x31, 0x00, 0x00, 0xD0, 0xFF, 0xE2, 0x14, 0x14, 0xCC, 0xFF, 0xF8,
    0x1D, 0x00, 0x00, 0xD0, 0xFF, 0xE0, 0x00, 0x00, 0x4C, 0xFF, 0xFF, 0x9C, 0x00, 0x00, 0xD0, 0xFF,
    0xE0, 0x00, 0x00, 0x00, 0xCA, 0xFF, 0xFB, 0x25, 0x00, 0xD0, 0xFF, 0xE0, 0x00, 0x00, 0x00, 0x4A,
    0xFF, 0xFF, 0xA7, 0x00, 0xD0, 0xFF, 0xE0, 0x00, 0x00, 0x00, 0x00, 0xC8, 0xFF, 0xFE, 0x2E, 0x00,
    0x00, 0x0C, 0x7C, 0xD0, 0xF3, 0xF5, 0xD4, 0x83, 0x0F, 0x00, 0x00, 0x00, 0x16, 0xD8, 0xFF, 0xFF,
    0xFF, 0xFF, 0xFF, 0xFF, 0xDC, 0x17, 0x00, 0x00, 0x9A, 0xFF, 0xFF, 0x82, 0x23, 0x24, 0x85, 0xFF,
    0xFF, 0x94, 0x00, 0x00, 0xDA, 0xFF, 0xE7, 0x00, 0x00, 0x00, 0x00, 0x9A, 0xB8, 0x93, 0x00, 0x00,
    0xC9, 0xFF, 0xFE, 0x6D, 0x0B, 0x00, 0x00, 0x00, 0x00, 0x00, 0x00, 0x00, 0x61, 0xFF, 0xFF, 0xFF,
    0xF4, 0xB5, 0x6C, 0x14, 0x00, 0x00, 0x00, 0x00, 0x00, 0x62, 0xE9, 0xFF, 0xFF, 0xFF, 0xFF, 0xFB,
    0x93, 0x04, 0x00, 0x00, 0x00, 0x00, 0x04, 0x45, 0x89, 0xCD, 0xFF, 0xFF, 0xFF, 0x8C, 0x00, 0x03,
    0x10, 0x10, 0x05, 0x00, 0x00, 0x00, 0x32, 0xEA, 0xFF, 0xF2, 0x00, 0x2F, 0xFF, 0xFF, 0x84, 0x00,
    0x00, 0x00, 0x00, 0xBB, 0xFF, 0xFE, 0x04, 0x03, 0xE6, 0xFF, 0xF7, 0x6B, 0x22, 0x24, 0x79, 0xFD,
    0xFF, 0xC8, 0x00, 0x00, 0x4A, 0xF9, 0xFF, 0xFF, 0xFF, 0xFF, 0xFF, 0xFF, 0xF2, 0x35, 0x00, 0x00,
    0x00, 0x29, 0x9C, 0xDE, 0xF9, 0xF9, 0xDC, 0x98, 0x21, 0x00, 0x00, 0x58, 0xFF, 0xFF, 0xFF, 0xFF,
    0xFF, 0xFF, 0xFF, 0xFF, 0xFF, 0xFF, 0x5C, 0x58, 0xFF, 0xFF, 0xFF, 0xFF, 0xFF, 0xFF, 0xFF, 0xFF,
    0xFF, 0xFF, 0x5C, 0x06, 0x14, 0x14, 0x14, 0x61, 0xFF, 0xFF, 0x68, 0x14, 0x14, 0x14, 0x07, 0x00,
    0x00, 0x00, 0x00, 0x54, 0xFF, 0xFF, 0x5C, 0x00, 0x00, 0x00, 0x00, 0x00, 0x00, 0x00, 0x00, 0x54,
    0xFF, 0xFF, 0x5C, 0x00, 0x00, 0x00, 0x00, 0x00, 0x00, 0x00, 0x00, 0x54, 0xFF, 0xFF, 0x5C, 0x00,
    0x00, 0x00, 0x00, 0x00, 0x00, 0x00, 0x00, 0x54, 0xFF, 0xFF, 0x5C, 0x00, 0x00, 0x00, 0x00, 0x00,
    0x00, 0x00, 0x00, 0x54, 0xFF, 0xFF, 0x5C, 0x00, 0x00, 0x00, 0x00, 0x00, 0x00, 0x00, 0x00, 0x54,
    0xFF, 0xFF, 0x5C, 0x00, 0x00, 0x00, 0x00, 0x00, 0x00, 0x00, 0x00, 0x54, 0xFF, 0xFF, 0x5C, 0x00,
    0x00, 0x00, 0x00, 0x00, 0x00, 0x00, 0x00, 0x54, 0xFF, 0xFF, 0x5C, 0x00, 0x00, 0x00, 0x00, 0x00,
    0x00, 0x00, 0x00, 0x54, 0xFF, 0xFF, 0x5C, 0x00, 0x00, 0x00, 0x00, 0x00, 0x00, 0x00, 0x00, 0x54,
    0xFF, 0xFF, 0x5C, 0x00, 0x00, 0x00, 0x00, 0xD0, 0xFF, 0xE0, 0x00, 0x00, 0x00, 0x00, 0x00, 0xB0,
    0xFF, 0xFF, 0xD0, 0xFF, 0xE0, 0x00, 0x00, 0x00, 0x00, 0x00, 0xB0, 0xFF, 0xFF, 0xD0, 0xFF, 0xE0,
    0x00, 0x00, 0x00, 0x00, 0x00, 0xB0, 0xFF, 0xFF, 0xD0, 0xFF, 0xE0, 0x00, 0x00, 0x00, 0x00, 0x00,
    0xB0, 0xFF, 0xFF, 0xD0, 0xFF, 0xE0, 0x00, 0x00, 0x00, 0x00, 0x00, 0xB0, 0xFF, 0xFF, 0xD0, 0xFF,
    0xE0, 0x00, 0x00, 0x00, 0x00, 0x00, 0xB0, 0xFF, 0xFF, 0xD0, 0xFF, 0xE0, 0x00, 0x00, 0x00, 0x00,
    0x00, 0xB0, 0xFF, 0xFF, 0xD0, 0xFF, 0xE0, 0x00, 0x00, 0x00, 0x00, 0x00, 0xB0, 0xFF, 0xFF, 0xC8,
    0xFF, 0xEA, 0x00, 0x00, 0x00, 0x00, 0x00, 0xBB, 0xFF, 0xF8, 0xA4, 0xFF, 0xFF, 0x30, 0x00, 0x00,
    0x00, 0x12, 0xEF, 0xFF, 0xD2, 0x41, 0xFF, 0xFF, 0xDD, 0x4F, 0x1E, 0x3F, 0xC7, 0xFF, 0xFF, 0x6D,
    0x00, 0x7F, 0xFF, 0xFF, 0xFF, 0xFF, 0xFF, 0xFF, 0xFF, 0xA7, 0x02, 0x00, 0x00, 0x42, 0xAD, 0xE5,
    0xFA, 0xEA, 0xB9, 0x57, 0x00, 0x00, 0x63, 0xFF, 0xFF, 0x92, 0x00, 0x00, 0x00, 0x00, 0x00, 0x1E,
    0xFF, 0xFF, 0xD7, 0x10, 0xF8, 0xFF, 0xE5, 0x01, 0x00, 0x00, 0x00, 0x00, 0x70, 0xFF, 0xFF, 0x7F,
    0x00, 0xAF, 0xFF, 0xFF, 0x3C, 0x00, 0x00, 0x00, 0x00, 0xC2, 0xFF, 0xFF, 0x27, 0x00, 0x55, 0xFF,
    0xFF, 0x92, 0x00, 0x00, 0x00, 0x16, 0xFD, 0xFF, 0xCE, 0x00, 0x00, 0x08, 0xF1, 0xFF, 0xE5, 0x01,
    0x00, 0x00, 0x66, 0xFF, 0xFF, 0x76, 0x00, 0x00, 0x00, 0xA1, 0xFF, 0xFF, 0x3C, 0x00, 0x00, 0xB8,
    0xFF, 0xFE, 0x1F, 0x00, 0x00, 0x00, 0x46, 0xFF, 0xFF, 0x8F, 0x00, 0x0D, 0xFA, 0xFF, 0xC5, 0x00,
    0x00, 0x00, 0x00, 0x03, 0xE8, 0xFF, 0xDA, 0x00, 0x52, 0xFF, 0xFF, 0x6D, 0x00, 0x00, 0x00, 0x00,
    0x00, 0x92, 0xFF, 0xFF, 0x24, 0x99, 0xFF, 0xFD, 0x18, 0x00, 0x00, 0x00, 0x00, 0x00, 0x38, 0xFF,
    0xFF, 0x69, 0xDD, 0xFF, 0xBC, 0x00, 0x00, 0x00, 0x00, 0x00, 0x00, 0x00, 0xDD, 0xFF, 0xCC, 0xFF,
    0xFF, 0x64, 0x00, 0x00, 0x00, 0x00, 0x00, 0x00, 0x00, 0x84, 0xFF, 0xFF, 0xFF, 0xFA, 0x12, 0x00,
    0x00, 0x00, 0x00, 0x00, 0x00, 0x00, 0x29, 0xFF, 0xFF, 0xFF, 0xB4, 0x00, 0x00, 0x00, 0x00, 0x6E,
    0xFF, 0xFF, 0x79, 0x00, 0x00, 0x00, 0x2D, 0xFF, 0xFF, 0xDB, 0x00, 0x00, 0x00, 0x00, 0xCF, 0xFF,
    0xFF, 0x1D, 0x28, 0xFF, 0xFF, 0xB6, 0x00, 0x00, 0x00, 0x6D, 0xFF, 0xFF, 0xFF, 0x1B, 0x00, 0x00,
    0x0E, 0xFC, 0xFF, 0xD7, 0x00, 0x00, 0xE3, 0xFF, 0xF0, 0x02, 0x00, 0x00, 0xAD, 0xFF, 0xFF, 0xFF,
    0x5B, 0x00, 0x00, 0x48, 0xFF, 0xFF, 0x91, 0x00, 0x00, 0x9E, 0xFF, 0xFF, 0x2F, 0x00, 0x01, 0xEB,
    0xFF, 0xEA, 0xFF, 0x9A, 0x00, 0x00, 0x84, 0xFF, 0xFF, 0x4C, 0x00, 0x00, 0x59, 0xFF, 0xFF, 0x6C,
    0x00, 0x2E, 0xFF, 0xFF, 0x96, 0xFF, 0xDA, 0x00, 0x00, 0xC1, 0xFF, 0xFA, 0x0C, 0x00, 0x00, 0x15,
    0xFE, 0xFF, 0xA8, 0x00, 0x6E, 0xFF, 0xEE, 0x45, 0xFF, 0xFF, 0x1A, 0x06, 0xF6, 0xFF, 0xC1, 0x00,
    0x00, 0x00, 0x00, 0xCE, 0xFF, 0xE3, 0x00, 0xAC, 0xFF, 0xB7, 0x0F, 0xFC, 0xFF, 0x57, 0x38, 0xFF,
    0xFF, 0x7B, 0x00, 0x00, 0x00, 0x00, 0x89, 0xFF, 0xFF, 0x15, 0xE3, 0xFF, 0x75, 0x00, 0xCA, 0xFF,
    0x8D, 0x6B, 0xFF, 0xFF, 0x36, 0x00, 0x00, 0x00, 0x00, 0x44, 0xFF, 0xFF, 0x5C, 0xFF, 0xFF, 0x31,
    0x00, 0x86, 0xFF, 0xC0, 0x9B, 0xFF, 0xEE, 0x02, 0x00, 0x00, 0x00, 0x00, 0x07, 0xF6, 0xFF, 0xB5,
    0xFF, 0xEC, 0x02, 0x00, 0x43, 0xFF, 0xEF, 0xC6, 0xFF, 0xAB, 0x00, 0x00, 0x00, 0x00, 0x00, 0x00,
    0xB9, 0xFF, 0xFA, 0xFF, 0xAB, 0x00, 0x00, 0x08, 0xF7, 0xFF, 0xFB, 0xFF, 0x65, 0x00, 0x00, 0x00,
    0x00, 0x00, 0x00, 0x74, 0xFF, 0xFF, 0xFF, 0x68, 0x00, 0x00, 0x00, 0xBD, 0xFF, 0xFF, 0xFF, 0x20,
    0x00, 0x00, 0x00, 0x00, 0x00, 0x00, 0x2F, 0xFF, 0xFF, 0xFF, 0x25, 0x00, 0x00, 0x00, 0x7A, 0xFF,
    0xFF, 0xDA, 0x00, 0x00, 0x00, 0x00, 0x03, 0xC7, 0xFF, 0xFF, 0x4F, 0x00, 0x00, 0x00, 0x0C, 0xE0,
    0xFF, 0xF6, 0x26, 0x00, 0x27, 0xF7, 0xFF, 0xE6, 0x10, 0x00, 0x00, 0x95, 0xFF, 0xFF, 0x70, 0x00,
    0x00, 0x00, 0x73, 0xFF, 0xFF, 0x96, 0x00, 0x39, 0xFE, 0xFF, 0xC1, 0x02, 0x00, 0x00, 0x00, 0x02,
    0xC4, 0xFF, 0xFC, 0x29, 0xC9, 0xFF, 0xF4, 0x22, 0x00, 0x00, 0x00, 0x00, 0x00, 0x25, 0xF5, 0xFF,
    0xD9, 0xFF, 0xFF, 0x6A, 0x00, 0x00, 0x00, 0x00, 0x00, 0x00, 0x00, 0x6F, 0xFF, 0xFF, 0xFF, 0xBC,
    0x01, 0x00, 0x00, 0x00, 0x00, 0x00, 0x00, 0x00, 0x10, 0xF6, 0xFF, 0xFF, 0x67, 0x00, 0x00, 0x00,
    0x00, 0x00, 0x00, 0x00, 0x00, 0xA5, 0xFF, 0xFF, 0xFF, 0xEE, 0x1A, 0x00, 0x00, 0x00, 0x00, 0x00,
    0x00, 0x5A, 0xFF, 0xFF, 0xB4, 0xFF, 0xFF, 0xB8, 0x01, 0x00, 0x00, 0x00, 0x00, 0x1F, 0xF0, 0xFF,
    0xE2, 0x0C, 0xAA, 0xFF, 0xFF, 0x6B, 0x00, 0x00, 0x00, 0x02, 0xC2, 0xFF, 0xFF, 0x4B, 0x00, 0x17,
    0xED, 0xFF, 0xF5, 0x26, 0x00, 0x00, 0x7C, 0xFF, 0xFF, 0x98, 0x00, 0x00, 0x00, 0x5A, 0xFF, 0xFF,
    0xC9, 0x04, 0x35, 0xFB, 0xFF, 0xDA, 0x0B, 0x00, 0x00, 0x00, 0x00, 0xAD, 0xFF, 0xFF, 0x7F, 0x44,
    0xFF, 0xFF, 0xD2, 0x02, 0x00, 0x00, 0x00, 0x00, 0xAC, 0xFF, 0xFF, 0x70, 0x00, 0xAC, 0xFF, 0xFF,
    0x61, 0x00, 0x00, 0x00, 0x33, 0xFE, 0xFF, 0xD5, 0x04, 0x00, 0x1E, 0xF5, 0xFF, 0xE3, 0x09, 0x00,
    0x00, 0xB9, 0xFF, 0xFF, 0x44, 0x00, 0x00, 0x00, 0x7B, 0xFF, 0xFF, 0x79, 0x00, 0x40, 0xFF, 0xFF,
    0xAD, 0x00, 0x00, 0x00, 0x00, 0x07, 0xDB, 0xFF, 0xF0, 0x10, 0xC3, 0xFF, 0xF7, 0x20, 0x00, 0x00,
    0x00, 0x00, 0x00, 0x4A, 0xFF, 0xFF, 0xAC, 0xFF, 0xFF, 0x80, 0x00, 0x00, 0x00, 0x00, 0x00, 0x00,
    0x00, 0xB2, 0xFF, 0xFF, 0xFF, 0xE0, 0x09, 0x00, 0x00, 0x00, 0x00, 0x00, 0x00, 0x00, 0x22, 0xF7,
    0xFF, 0xFF, 0x54, 0x00, 0x00, 0x00, 0x00, 0x00, 0x00, 0x00, 0x00, 0x00, 0xB9, 0xFF, 0xF5, 0x00,
    0x00, 0x00, 0x00, 0x00, 0x00, 0x00, 0x00, 0x00, 0x00, 0xB8, 0xFF, 0xF4, 0x00, 0x00, 0x00, 0x00,
    0x00, 0x00, 0x00, 0x00, 0x00, 0x00, 0xB8, 0xFF, 0xF4, 0x00, 0x00, 0x00, 0x00, 0x00, 0x00, 0x00,
    0x00, 0x00, 0x00, 0xB8, 0xFF, 0xF4, 0x00, 0x00, 0x00, 0x00, 0x00, 0x00, 0x00, 0x00, 0x00, 0x00,
    0xB8, 0xFF, 0xF4, 0x00, 0x00, 0x00, 0x00, 0x00, 0x04, 0xFF, 0xFF, 0xFF, 0xFF, 0xFF, 0xFF, 0xFF,
    0xFF, 0xFF, 0xF0, 0x04, 0xFF, 0xFF, 0xFF, 0xFF, 0xFF, 0xFF, 0xFF, 0xFF, 0xFF, 0xDA, 0x00, 0x14,
    0x14, 0x14, 0x14, 0x14, 0x14, 0xA3, 0xFF, 0xFE, 0x41, 0x00, 0x00, 0x00, 0x00, 0x00, 0x00, 0x5E,
    0xFF, 0xFF, 0x8C, 0x00, 0x00, 0x00, 0x00, 0x00, 0x00, 0x25, 0xF4, 0xFF, 0xD3, 0x07, 0x00, 0x00,
    0x00, 0x00, 0x00, 0x04, 0xC9, 0xFF, 0xF9, 0x2E, 0x00, 0x00, 0x00, 0x00, 0x00, 0x00, 0x80, 0xFF,
    0xFF, 0x74, 0x00, 0x00, 0x00, 0x00, 0x00, 0x00, 0x37, 0xFB, 0xFF, 0xC0, 0x02, 0x00, 0x00, 0x00,
    0x00, 0x00, 0x0B, 0xDA, 0xFF, 0xF0, 0x1E, 0x00, 0x00, 0x00, 0x00, 0x00, 0x00, 0x99, 0xFF, 0xFF,
    0x54, 0x00, 0x00, 0x00, 0x00, 0x00, 0x00, 0x4C, 0xFF, 0xFF, 0x99, 0x14, 0x14, 0x14, 0x14, 0x14,
    0x13, 0x00, 0xE7, 0xFF, 0xFF, 0xFF, 0xFF, 0xFF, 0xFF, 0xFF, 0xFF, 0xF8, 0x00, 0xFC, 0xFF, 0xFF,
    0xFF, 0xFF, 0xFF, 0xFF, 0xFF, 0xFF, 0xF8, 0x08, 0x14, 0x14, 0x14, 0x11, 0x68, 0xFF, 0xFF, 0xFF,
    0xE4, 0x68, 0xFF, 0xFF, 0xFF, 0xE4, 0x68, 0xFF, 0xFF, 0x24, 0x00, 0x68, 0xFF, 0xFF, 0x24, 0x00,
    0x68, 0xFF, 0xFF, 0x24, 0x00, 0x68, 0xFF, 0xFF, 0x24, 0x00, 0x68, 0xFF, 0xFF, 0x24, 0x00, 0x68,
    0xFF, 0xFF, 0x24, 0x00, 0x68, 0xFF, 0xFF, 0x24, 0x00, 0x68, 0xFF, 0xFF, 0x24, 0x00, 0x68, 0xFF,
    0xFF, 0x24, 0x00, 0x68, 0xFF, 0xFF, 0x24, 0x00, 0x68, 0xFF, 0xFF, 0x24, 0x00, 0x68, 0xFF, 0xFF,
    0x35, 0x11, 0x68, 0xFF, 0xFF, 0xFF, 0xE4, 0x68, 0xFF, 0xFF, 0xFF, 0xE4, 0x57, 0x80, 0x4C, 0x00,
    0x00, 0x00, 0x00, 0x7B, 0xFF, 0xCD, 0x00, 0x00, 0x00, 0x00, 0x35, 0xFF, 0xFE, 0x14, 0x00, 0x00,
    0x00, 0x02, 0xED, 0xFF, 0x58, 0x00, 0x00, 0x00, 0x00, 0xAA, 0xFF, 0x9E, 0x00, 0x00, 0x00, 0x00,
    0x64, 0xFF, 0xE3, 0x00, 0x00, 0x00, 0x00, 0x1E, 0xFF, 0xFF, 0x29, 0x00, 0x00, 0x00, 0x00, 0xD9,
    0xFF, 0x6F, 0x00, 0x00, 0x00, 0x00, 0x93, 0xFF, 0xB5, 0x00, 0x00, 0x00, 0x00, 0x4D, 0xFF, 0xF4,
    0x06, 0x00, 0x00, 0x00, 0x0D, 0xFA, 0xFF, 0x40, 0x00, 0x00, 0x00, 0x00, 0xC2, 0xFF, 0x86, 0x00,
    0x00, 0x00, 0x00, 0x7C, 0xFF, 0xCB, 0x00, 0x00, 0x00, 0x00, 0x37, 0xFF, 0xFD, 0x13, 0x00, 0x00,
    0x00, 0x02, 0xEE, 0xFF, 0x57, 0x00, 0x00, 0x00, 0x00, 0xAB, 0xFF, 0x9D, 0x02, 0x14, 0x14, 0x14,
    0x14, 0x03, 0x1C, 0xFF, 0xFF, 0xFF, 0xFF, 0x30, 0x1C, 0xFF, 0xFF, 0xFF, 0xFF, 0x30, 0x00, 0x00,
    0x5C, 0xFF, 0xFF, 0x30, 0x00, 0x00, 0x5C, 0xFF, 0xFF, 0x30, 0x00, 0x00, 0x5C, 0xFF, 0xFF, 0x30,
    0x00, 0x00, 0x5C, 0xFF, 0xFF, 0x30, 0x00, 0x00, 0x5C, 0xFF, 0xFF, 0x30, 0x00, 0x00, 0x5C, 0xFF,
    0xFF, 0x30, 0x00, 0x00, 0x5C, 0xFF, 0xFF, 0x30, 0x00, 0x00, 0x5C, 0xFF, 0xFF, 0x30, 0x00, 0x00,
    0x5C, 0xFF, 0xFF, 0x30, 0x00, 0x00, 0x5C, 0xFF, 0xFF, 0x30, 0x00, 0x00, 0x5C, 0xFF, 0xFF, 0x30,
    0x02, 0x14, 0x68, 0xFF, 0xFF, 0x30, 0x1C, 0xFF, 0xFF, 0xFF, 0xFF, 0x30, 0x1C, 0xFF, 0xFF, 0xFF,
    0xFF, 0x30, 0x00, 0x00, 0x00, 0x67, 0x80, 0x49, 0x00, 0x00, 0x00, 0x00, 0x00, 0x2F, 0xFE, 0xFF,
    0xE8, 0x09, 0x00, 0x00, 0x00, 0x00, 0xAC, 0xFF, 0xAD, 0xFF, 0x6F, 0x00, 0x00, 0x00, 0x2B, 0xFE,
    0xC5, 0x0F, 0xF2, 0xE5, 0x07, 0x00, 0x00, 0xA8, 0xFF, 0x51, 0x00, 0x8E, 0xFF, 0x6B, 0x00, 0x27,
    0xFD, 0xDB, 0x02, 0x00, 0x1E, 0xFB, 0xE2, 0x06, 0x14, 0x14, 0x14, 0x14, 0x14, 0x14, 0x14, 0x14,
    0x0B, 0xFF, 0xFF, 0xFF, 0xFF, 0xFF, 0xFF, 0xFF, 0xFF, 0x90, 0xFF, 0xFF, 0xFF, 0xFF, 0xFF, 0xFF,
    0xFF, 0xFF, 0x90, 0x43, 0xD8, 0xD2, 0x0E, 0x00, 0x00, 0xBA, 0xFF, 0x6F, 0x00, 0x00, 0x22, 0xF6,
    0xDB, 0x01, 0x00, 0x00, 0x49, 0xBB, 0xEB, 0xF7, 0xD4, 0x7D, 0x09, 0x00, 0x00, 0x65, 0xFE, 0xFF,
    0xFF, 0xFF, 0xFF, 0xFF, 0xB8, 0x00, 0x04, 0xD5, 0xFF, 0xC5, 0x31, 0x21, 0xB0, 0xFF, 0xFF, 0x32,
    0x00, 0x00, 0x0E, 0x0D, 0x00, 0x00, 0x6D, 0xFF, 0xFF, 0x51, 0x00, 0x06, 0x5B, 0x98, 0xC7, 0xE6,
    0xFF, 0xFF, 0xFF, 0x54, 0x05, 0xC7, 0xFF, 0xFA, 0xBA, 0x91, 0x92, 0xFF, 0xFF, 0x54, 0x4E, 0xFF,
    0xFF, 0x46, 0x00, 0x00, 0x5D, 0xFF, 0xFF, 0x54, 0x56, 0xFF, 0xFF, 0x7D, 0x1C, 0x44, 0xDE, 0xFF,
    0xFF, 0x54, 0x19, 0xF0, 0xFF, 0xFF, 0xFF, 0xFF, 0xC3, 0xFF, 0xFF, 0x54, 0x00, 0x38, 0xBE, 0xF2,
    0xEB, 0x90, 0x32, 0xFF, 0xFF, 0x54, 0xE0, 0xFF, 0xC4, 0x00, 0x00, 0x00, 0x00, 0x00, 0x00, 0x00,
    0xE0, 0xFF, 0xC4, 0x00, 0x00, 0x00, 0x00, 0x00, 0x00, 0x00, 0xE0, 0xFF, 0xC4, 0x00, 0x00, 0x00,
    0x00, 0x00, 0x00, 0x00, 0xE0, 0xFF, 0xC4, 0x2F, 0xC9, 0xF8, 0xDE, 0x78, 0x02, 0x00, 0xE0, 0xFF,
    0xD7, 0xEB, 0xFF, 0xFF, 0xFF, 0xFF, 0x97, 0x00, 0xE0, 0xFF, 0xFF, 0xA6, 0x28, 0x41, 0xE2, 0xFF,
    0xFE, 0x29, 0xE0, 0xFF, 0xEF, 0x0A, 0x00, 0x00, 0x5A, 0xFF, 0xFF, 0x76, 0xE0, 0xFF, 0xC2, 0x00,
    0x00, 0x00, 0x22, 0xFF, 0xFF, 0x94, 0xE0, 0xFF, 0xC2, 0x00, 0x00, 0x00, 0x24, 0xFF, 0xFF, 0x94,
    0xE0, 0xFF, 0xF0, 0x0B, 0x00, 0x00, 0x5D, 0xFF, 0xFF, 0x75, 0xE0, 0xFF, 0xFF, 0xA7, 0x27, 0x42,
    0xE3, 0xFF, 0xFE, 0x29, 0xE0, 0xFF, 0xD1, 0xEC, 0xFF, 0xFF, 0xFF, 0xFF, 0x97, 0x00, 0xE0, 0xFF,
    0xB8, 0x31, 0xCB, 0xF9, 0xDF, 0x7A, 0x02, 0x00, 0x00, 0x00, 0x1B, 0x97, 0xE1, 0xF8, 0xDD, 0x96,
    0x1B, 0x00, 0x00, 0x22, 0xE8, 0xFF, 0xFF, 0xFF, 0xFF, 0xFF, 0xE4, 0x1F, 0x00, 0xB7, 0xFF, 0xFD,
    0x6F, 0x20, 0x5F, 0xFB, 0xFF, 0x9D, 0x16, 0xFD, 0xFF, 0xAE, 0x00, 0x00, 0x00, 0x75, 0x80, 0x46,
    0x3B, 0xFF, 0xFF, 0x76, 0x00, 0x00, 0x00, 0x00, 0x00, 0x00, 0x3B, 0xFF, 0xFF, 0x76, 0x00, 0x00,
    0x00, 0x00, 0x00, 0x00, 0x17, 0xFE, 0xFF, 0xAF, 0x00, 0x00, 0x00, 0x7E, 0x90, 0x54, 0x00, 0xB9,
    0xFF, 0xFD, 0x6E, 0x20, 0x60, 0xFB, 0xFF, 0x9C, 0x00, 0x23, 0xE9, 0xFF, 0xFF, 0xFF, 0xFF, 0xFF,
    0xE5, 0x1F, 0x00, 0x00, 0x1B, 0x98, 0xE2, 0xF8, 0xDE, 0x98, 0x1D, 0x00, 0x00, 0x00, 0x00, 0x00,
    0x00, 0x00, 0x00, 0x6C, 0xFF, 0xFF, 0x38, 0x00, 0x00, 0x00, 0x00, 0x00, 0x00, 0x00, 0x6C, 0xFF,
    0xFF, 0x38, 0x00, 0x00, 0x00, 0x00, 0x00, 0x00, 0x00, 0x6C, 0xFF, 0xFF, 0x38, 0x00, 0x00, 0x43,
    0xC5, 0xF6, 0xE3, 0x65, 0x6C, 0xFF, 0xFF, 0x38, 0x00, 0x45, 0xFC, 0xFF, 0xFF, 0xFF, 0xFF, 0xC1,
    0xFF, 0xFF, 0x38, 0x00, 0xD3, 0xFF, 0xFD, 0x70, 0x22, 0x67, 0xFB, 0xFF, 0xFF, 0x38, 0x1F, 0xFF,
    0xFF, 0xB1, 0x00, 0x00, 0x00, 0xA2, 0xFF, 0xFF, 0x38, 0x3D, 0xFF, 0xFF, 0x79, 0x00, 0x00, 0x00,
    0x6A, 0xFF, 0xFF, 0x38, 0x3D, 0xFF, 0xFF, 0x7A, 0x00, 0x00, 0x00, 0x6C, 0xFF, 0xFF, 0x38, 0x1E,
    0xFF, 0xFF, 0xB3, 0x00, 0x00, 0x00, 0xA5, 0xFF, 0xFF, 0x38, 0x00, 0xD0, 0xFF, 0xFD, 0x70, 0x22,
    0x68, 0xFB, 0xFF, 0xFF, 0x38, 0x00, 0x42, 0xFB, 0xFF, 0xFF, 0xFF, 0xFF, 0xBE, 0xFF, 0xFF, 0x38,
    0x00, 0x00, 0x41, 0xC5, 0xF6, 0xE5, 0x6A, 0x60, 0xFF, 0xFF, 0x38, 0x00, 0x00, 0x1A, 0x97, 0xE2,
    0xF7, 0xDB, 0x83, 0x09, 0x00, 0x00, 0x00, 0x22, 0xE7, 0xFF, 0xFF, 0xFF, 0xFF, 0xFF, 0xCB, 0x07,
    0x00, 0x00, 0xB7, 0xFF, 0xED, 0x4F, 0x1E, 0x5D, 0xF9, 0xFF, 0x78, 0x00, 0x16, 0xFD, 0xFF, 0x83,
    0x14, 0x14, 0x14, 0xA8, 0xFF, 0xD4, 0x00, 0x3B, 0xFF, 0xFF, 0xFF, 0xFF, 0xFF, 0xFF, 0xFF, 0xFF,
    0xF8, 0x00, 0x3B, 0xFF, 0xFF, 0xFF, 0xFF, 0xFF, 0xFF, 0xFF, 0xFF, 0xFF, 0x0B, 0x19, 0xFE, 0xFF,
    0x71, 0x00, 0x00, 0x00, 0x00, 0x00, 0x00, 0x00, 0x00, 0xBE, 0xFF, 0xEA, 0x51, 0x1D, 0x40, 0xCD,
    0xD5, 0x83, 0x00, 0x00, 0x27, 0xEB, 0xFF, 0xFF, 0xFF, 0xFF, 0xFF, 0xF7, 0x40, 0x00, 0x00, 0x00,
    0x1C, 0x98, 0xE1, 0xF9, 0xE5, 0xA9, 0x31, 0x00, 0x00, 0x00, 0x00, 0x26, 0xB0, 0xED, 0xF5, 0xC0,
    0x00, 0x00, 0xDA, 0xFF, 0xFF, 0xFF, 0xAE, 0x00, 0x13, 0xFF, 0xFF, 0xAF, 0x19, 0x11, 0xD4, 0xFF,
    0xFF, 0xFF, 0xFF, 0xFF, 0x98, 0xD4, 0xFF, 0xFF, 0xFF, 0xFF, 0xFF, 0x98, 0x10, 0x2A, 0xFF, 0xFF,
    0x91, 0x14, 0x0B, 0x00, 0x18, 0xFF, 0xFF, 0x88, 0x00, 0x00, 0x00, 0x18, 0xFF, 0xFF, 0x88, 0x00,
    0x00, 0x00, 0x18, 0xFF, 0xFF, 0x88, 0x00, 0x00, 0x00, 0x18, 0xFF, 0xFF, 0x88, 0x00, 0x00, 0x00,
    0x18, 0xFF, 0xFF, 0x88, 0x00, 0x00, 0x00, 0x18, 0xFF, 0xFF, 0x88, 0x00, 0x00, 0x00, 0x18, 0xFF,
    0xFF, 0x88, 0x00, 0x00, 0x00, 0x00, 0x3D, 0xC2, 0xF5, 0xE4, 0x6B, 0x58, 0xFF, 0xFF, 0x40, 0x00,
    0x3C, 0xFA, 0xFF, 0xFF, 0xFF, 0xFF, 0xB9, 0xFF, 0xFF, 0x40, 0x00, 0xCB, 0xFF, 0xFE, 0x74, 0x22,
    0x68, 0xFB, 0xFF, 0xFF, 0x40, 0x1A, 0xFF, 0xFF, 0xB6, 0x00, 0x00, 0x00, 0xA5, 0xFF, 0xFF, 0x40,
    0x3A, 0xFF, 0xFF, 0x7B, 0x00, 0x00, 0x00, 0x6C, 0xFF, 0xFF, 0x40, 0x3F, 0xFF, 0xFF, 0x78, 0x00,
    0x00, 0x00, 0x69, 0xFF, 0xFF, 0x40, 0x25, 0xFF, 0xFF, 0xAF, 0x00, 0x00, 0x00, 0x9E, 0xFF, 0xFF,
    0x40, 0x00, 0xDC, 0xFF, 0xFD, 0x6D, 0x21, 0x63, 0xF9, 0xFF, 0xFF, 0x40, 0x00, 0x50, 0xFE, 0xFF,
    0xFF, 0xFF, 0xFF, 0xBD, 0xFF, 0xFF, 0x40, 0x00, 0x00, 0x4A, 0xC8, 0xF6, 0xE5, 0x72, 0x5C, 0xFF,
    0xFF, 0x3F, 0x00, 0x00, 0x00, 0x03, 0x00, 0x00, 0x00, 0x6F, 0xFF, 0xFF, 0x2E, 0x00, 0x81, 0xDC,
    0xCC, 0x39, 0x1A, 0x45, 0xE1, 0xFF, 0xEC, 0x08, 0x00, 0x56, 0xFC, 0xFF, 0xFF, 0xFF, 0xFF, 0xFF,
    0xFF, 0x5F, 0x00, 0x00, 0x00, 0x3D, 0xB0, 0xE5, 0xFA, 0xE9, 0xB1, 0x3E, 0x00, 0x00, 0xE0, 0xFF,
    0xB4, 0x00, 0x00, 0x00, 0x00, 0x00, 0x00, 0x00, 0xE0, 0xFF, 0xB4, 0x00, 0x00, 0x00, 0x00, 0x00,
    0x00, 0x00, 0xE0, 0xFF, 0xB4, 0x00, 0x00, 0x00, 0x00, 0x00, 0x00, 0x00, 0xE0, 0xFF, 0xB4, 0x34,
    0xC4, 0xF5, 0xDA, 0x74, 0x02, 0x00, 0xE0, 0xFF, 0xCD, 0xF0, 0xFF, 0xFF, 0xFF, 0xFF, 0x74, 0x00,
    0xE0, 0xFF, 0xFF, 0x8A, 0x21, 0x52, 0xF8, 0xFF, 0xE6, 0x00, 0xE0, 0xFF, 0xE2, 0x01, 0x00, 0x00,
    0xA8, 0xFF, 0xFF, 0x0E, 0xE0, 0xFF, 0xC4, 0x00, 0x00, 0x00, 0x90, 0xFF, 0xFF, 0x18, 0xE0, 0xFF,
    0xC4, 0x00, 0x00, 0x00, 0x90, 0xFF, 0xFF, 0x18, 0xE0, 0xFF, 0xC4, 0x00, 0x00, 0x00, 0x90, 0xFF,
    0xFF, 0x18, 0xE0, 0xFF, 0xC4, 0x00, 0x00, 0x00, 0x90, 0xFF, 0xFF, 0x18, 0xE0, 0xFF, 0xC4, 0x00,
    0x00, 0x00, 0x90, 0xFF, 0xFF, 0x18, 0xE0, 0xFF, 0xC4, 0x00, 0x00, 0x00, 0x90, 0xFF, 0xFF, 0x18,
    0x6A, 0xCB, 0x55, 0xF3, 0xFF, 0xD7, 0x90, 0xF4, 0x77, 0x00, 0x00, 0x00, 0xE0, 0xFF, 0xC4, 0xE0,
    0xFF, 0xC4, 0xE0, 0xFF, 0xC4, 0xE0, 0xFF, 0xC4, 0xE0, 0xFF, 0xC4, 0xE0, 0xFF, 0xC4, 0xE0, 0xFF,
    0xC4, 0xE0, 0xFF, 0xC4, 0xE0, 0xFF, 0xC4, 0xE0, 0xFF, 0xC4, 0x00, 0x00, 0x6A, 0xCB, 0x55, 0x00,
    0x00, 0xF3, 0xFF, 0xD7, 0x00, 0x00, 0x90, 0xF4, 0x77, 0x00, 0x00, 0x00, 0x00, 0x00, 0x00, 0x00,
    0xE4, 0xFF, 0xC4, 0x00, 0x00, 0xE4, 0xFF, 0xC4, 0x00, 0x00, 0xE4, 0xFF, 0xC4, 0x00, 0x00, 0xE4,
    0xFF, 0xC4, 0x00, 0x00, 0xE4, 0xFF, 0xC4, 0x00, 0x00, 0xE4, 0xFF, 0xC4, 0x00, 0x00, 0xE4, 0xFF,
    0xC4, 0x00, 0x00, 0xE4, 0xFF, 0xC4, 0x00, 0x00, 0xE4, 0xFF, 0xC4, 0x00, 0x00, 0xE4, 0xFF, 0xC4,
    0x00, 0x00, 0xE5, 0xFF, 0xC2, 0x0A, 0x40, 0xFC, 0xFF, 0xA2, 0x70, 0xFF, 0xFF, 0xFF, 0x4D, 0x70,
    0xF2, 0xCB, 0x5A, 0x00, 0xE0, 0xFF, 0xC4, 0x00, 0x00, 0x00, 0x00, 0x00, 0x00, 0x00, 0xE0, 0xFF,
    0xC4, 0x00, 0x00, 0x00, 0x00, 0x00, 0x00, 0x00, 0xE0, 0xFF, 0xC4, 0x00, 0x00, 0x00, 0x00, 0x00,
    0x00, 0x00, 0xE0, 0xFF, 0xC4, 0x00, 0x00, 0x4B, 0xFD, 0xFF, 0xBC, 0x04, 0xE0, 0xFF, 0xC4, 0x00,
    0x28, 0xF1, 0xFF, 0xDB, 0x12, 0x00, 0xE0, 0xFF, 0xC4, 0x10, 0xDA, 0xFF, 0xF0, 0x28, 0x00, 0x00,
    0xE0, 0xFF, 0xC9, 0xB9, 0xFF, 0xFC, 0x47, 0x00, 0x00, 0x00, 0xE0, 0xFF, 0xFF, 0xFF, 0xFF, 0xB0,
    0x00, 0x00, 0x00, 0x00, 0xE0, 0xFF, 0xFF, 0xFF, 0xFF, 0xFE, 0x40, 0x00, 0x00, 0x00, 0xE0, 0xFF,
    0xEE, 0x4C, 0xF7, 0xFF, 0xE0, 0x0E, 0x00, 0x00, 0xE0, 0xFF, 0xC4, 0x00, 0x71, 0xFF, 0xFF, 0xA0,
    0x00, 0x00, 0xE0, 0xFF, 0xC4, 0x00, 0x01, 0xC0, 0xFF, 0xFF, 0x51, 0x00, 0xE0, 0xFF, 0xC4, 0x00,
    0x00, 0x20, 0xF2, 0xFF, 0xEB, 0x17, 0xE0, 0xFF, 0xC4, 0xE0, 0xFF, 0xC4, 0xE0, 0xFF, 0xC4, 0xE0,
    0xFF, 0xC4, 0xE0, 0xFF, 0xC4, 0xE0, 0xFF, 0xC4, 0xE0, 0xFF, 0xC4, 0xE0, 0xFF, 0xC4, 0xE0, 0xFF,
    0xC4, 0xE0, 0xFF, 0xC4, 0xE0, 0xFF, 0xC4, 0xE0, 0xFF, 0xC4, 0xE0, 0xFF, 0xC4, 0xE0, 0xFF, 0x96,
    0x42, 0xCE, 0xF6, 0xC1, 0x1F, 0x08, 0x8F, 0xE7, 0xEF, 0xAD, 0x1B, 0x00, 0xE0, 0xFF, 0xC4, 0xF7,
    0xFF, 0xFF, 0xFF, 0xBF, 0xA6, 0xFF, 0xFF, 0xFF, 0xFF, 0xCA, 0x02, 0xE0, 0xFF, 0xFF, 0x6C, 0x20,
    0x99, 0xFF, 0xFF, 0xE7, 0x3C, 0x2B, 0xCB, 0xFF, 0xFF, 0x29, 0xE0, 0xFF, 0xD5, 0x00, 0x00, 0x1A,
    0xFF, 0xFF, 0x8A, 0x00, 0x00, 0x5F, 0xFF, 0xFF, 0x49, 0xE0, 0xFF, 0xC4, 0x00, 0x00, 0x10, 0xFF,
    0xFF, 0x7C, 0x00, 0x00, 0x54, 0xFF, 0xFF, 0x4C, 0xE0, 0xFF, 0xC4, 0x00, 0x00, 0x10, 0xFF, 0xFF,
    0x7C, 0x00, 0x00, 0x54, 0xFF, 0xFF, 0x4C, 0xE0, 0xFF, 0xC4, 0x00, 0x00, 0x10, 0xFF, 0xFF, 0x7C,
    0x00, 0x00, 0x54, 0xFF, 0xFF, 0x4C, 0xE0, 0xFF, 0xC4, 0x00, 0x00, 0x10, 0xFF, 0xFF, 0x7C, 0x00,
    0x00, 0x54, 0xFF, 0xFF, 0x4C, 0xE0, 0xFF, 0xC4, 0x00, 0x00, 0x10, 0xFF, 0xFF, 0x7C, 0x00, 0x00,
    0x54, 0xFF, 0xFF, 0x4C, 0xE0, 0xFF, 0xC4, 0x00, 0x00, 0x10, 0xFF, 0xFF, 0x7C, 0x00, 0x00, 0x54,
    0xFF, 0xFF, 0x4C, 0xE0, 0xFF, 0x9D, 0x36, 0xC4, 0xF5, 0xDA, 0x74, 0x02, 0x00, 0xE0, 0xFF, 0xBA,
    0xF1, 0xFF, 0xFF, 0xFF, 0xFF, 0x73, 0x00, 0xE0, 0xFF, 0xFF, 0x8A, 0x21, 0x52, 0xF8, 0xFF, 0xE3,
    0x00, 0xE0, 0xFF, 0xE2, 0x01, 0x00, 0x00, 0xA8, 0xFF, 0xFF, 0x0A, 0xE0, 0xFF, 0xC4, 0x00, 0x00,
    0x00, 0x90, 0xFF, 0xFF, 0x14, 0xE0, 0xFF, 0xC4, 0x00, 0x00, 0x00, 0x90, 0xFF, 0xFF, 0x14, 0xE0,
    0xFF, 0xC4, 0x00, 0x00, 0x00, 0x90, 0xFF, 0xFF, 0x14, 0xE0, 0xFF, 0xC4, 0x00, 0x00, 0x00, 0x90,
    0xFF, 0xFF, 0x14, 0xE0, 0xFF, 0xC4, 0x00, 0x00, 0x00, 0x90, 0xFF, 0xFF, 0x14, 0xE0, 0xFF, 0xC4,
    0x00, 0x00, 0x00, 0x90, 0xFF, 0xFF, 0x14, 0x00, 0x00, 0x1B, 0x96, 0xE1, 0xF8, 0xE2, 0x9A, 0x1E,
    0x00, 0x00, 0x00, 0x22, 0xE8, 0xFF, 0xFF, 0xFF, 0xFF, 0xFF, 0xEB, 0x27, 0x00, 0x00, 0xB7, 0xFF,
    0xFD, 0x6F, 0x22, 0x68, 0xFB, 0xFF, 0xBF, 0x00, 0x16, 0xFD, 0xFF, 0xB0, 0x00, 0x00, 0x00, 0xA4,
    0xFF, 0xFF, 0x1F, 0x3B, 0xFF, 0xFF, 0x76, 0x00, 0x00, 0x00, 0x6B, 0xFF, 0xFF, 0x45, 0x3B, 0xFF,
    0xFF, 0x76, 0x00, 0x00, 0x00, 0x6B, 0xFF, 0xFF, 0x46, 0x17, 0xFE, 0xFF, 0xB0, 0x00, 0x00, 0x00,
    0xA4, 0xFF, 0xFF, 0x20, 0x00, 0xB9, 0xFF, 0xFD, 0x6E, 0x22, 0x67, 0xFB, 0xFF, 0xC1, 0x00, 0x00,
    0x23, 0xE9, 0xFF, 0xFF, 0xFF, 0xFF, 0xFF, 0xEC, 0x28, 0x00, 0x00, 0x00, 0x1B, 0x97, 0xE2, 0xF9,
    0xE3, 0x9B, 0x1E, 0x00, 0x00, 0xE0, 0xFF, 0xB8, 0x30, 0xC9, 0xF8, 0xDE, 0x78, 0x02, 0x00, 0xE0,
    0xFF, 0xCF, 0xEC, 0xFF, 0xFF, 0xFF, 0xFF, 0x97, 0x00, 0xE0, 0xFF, 0xFF, 0xA6, 0x28, 0x41, 0xE2,
    0xFF, 0xFE, 0x29, 0xE0, 0xFF, 0xEF, 0x0A, 0x00, 0x00, 0x5A, 0xFF, 0xFF, 0x76, 0xE0, 0xFF, 0xC2,
    0x00, 0x00, 0x00, 0x22, 0xFF, 0xFF, 0x94, 0xE0, 0xFF, 0xC2, 0x00, 0x00, 0x00, 0x24, 0xFF, 0xFF,
    0x94, 0xE0, 0xFF, 0xF0, 0x0B, 0x00, 0x00, 0x5D, 0xFF, 0xFF, 0x75, 0xE0, 0xFF, 0xFF, 0xA7, 0x27,
    0x42, 0xE3, 0xFF, 0xFE, 0x29, 0xE0, 0xFF, 0xDA, 0xEC, 0xFF, 0xFF, 0xFF, 0xFF, 0x97, 0x00, 0xE0,
    0xFF, 0xC4, 0x31, 0xCB, 0xF9, 0xDF, 0x7A, 0x02, 0x00, 0xE0, 0xFF, 0xC4, 0x00, 0x00, 0x00, 0x00,
    0x00, 0x00, 0x00, 0xE0, 0xFF, 0xC4, 0x00, 0x00, 0x00, 0x00, 0x00, 0x00, 0x00, 0xE0, 0xFF, 0xC4,
    0x00, 0x00, 0x00, 0x00, 0x00, 0x00, 0x00, 0xE0, 0xFF, 0xC4, 0x00, 0x00, 0x00, 0x00, 0x00, 0x00,
    0x00, 0x00, 0x00, 0x43, 0xC5, 0xF6, 0xE3, 0x65, 0x60, 0xFF, 0xFF, 0x38, 0x00, 0x45, 0xFC, 0xFF,
    0xFF, 0xFF, 0xFF, 0xB8, 0xFF, 0xFF, 0x38, 0x00, 0xD3, 0xFF, 0xFD, 0x70, 0x22, 0x67, 0xFB, 0xFF,
    0xFF, 0x38, 0x1F, 0xFF, 0xFF, 0xB1, 0x00, 0x00, 0x00, 0xA2, 0xFF, 0xFF, 0x38, 0x3D, 0xFF, 0xFF,
    0x79, 0x00, 0x00, 0x00, 0x6A, 0xFF, 0xFF, 0x38, 0x3D, 0xFF, 0xFF, 0x7A, 0x00, 0x00, 0x00, 0x6C,
    0xFF, 0xFF, 0x38, 0x1E, 0xFF, 0xFF, 0xB3, 0x00, 0x00, 0x00, 0xA5, 0xFF, 0xFF, 0x38, 0x00, 0xD0,
    0xFF, 0xFD, 0x70, 0x22, 0x68, 0xFB, 0xFF, 0xFF, 0x38, 0x00, 0x42, 0xFB, 0xFF, 0xFF, 0xFF, 0xFF,
    0xC6, 0xFF, 0xFF, 0x38, 0x00, 0x00, 0x41, 0xC5, 0xF6, 0xE5, 0x6A, 0x6C, 0xFF, 0xFF, 0x38, 0x00,
    0x00, 0x00, 0x00, 0x00, 0x00, 0x00, 0x6C, 0xFF, 0xFF, 0x38, 0x00, 0x00, 0x00, 0x00, 0x00, 0x00,
    0x00, 0x6C, 0xFF, 0xFF, 0x38, 0x00, 0x00, 0x00, 0x00, 0x00, 0x00, 0x00, 0x6C, 0xFF, 0xFF, 0x38,
    0x00, 0x00, 0x00, 0x00, 0x00, 0x00, 0x00, 0x6C, 0xFF, 0xFF, 0x38, 0x00, 0x00, 0x00, 0x00, 0x00,
    0x04, 0xE0, 0xFF, 0xAC, 0x61, 0xE3, 0xFF, 0xE0, 0xFF, 0xD6, 0xFD, 0xFF, 0xFF, 0xE0, 0xFF, 0xFF,
    0x9E, 0x25, 0x24, 0xE0, 0xFF, 0xE6, 0x04, 0x00, 0x00, 0xE0, 0xFF, 0xC4, 0x00, 0x00, 0x00, 0xE0,
    0xFF, 0xC4, 0x00, 0x00, 0x00, 0xE0, 0xFF, 0xC4, 0x00, 0x00, 0x00, 0xE0, 0xFF, 0xC4, 0x00, 0x00,
    0x00, 0xE0, 0xFF, 0xC4, 0x00, 0x00, 0x00, 0xE0, 0xFF, 0xC4, 0x00, 0x00, 0x00, 0x00, 0x03, 0x66,
    0xC9, 0xEE, 0xF2, 0xCD, 0x65, 0x00, 0x00, 0x00, 0x99, 0xFF, 0xFF, 0xFF, 0xFF, 0xFF, 0xFF, 0x84,
    0x00, 0x05, 0xFB, 0xFF, 0xD3, 0x2F, 0x23, 0xA9, 0xFF, 0xE5, 0x09, 0x01, 0xF3, 0xFF, 0xC8, 0x17,
    0x00, 0x0A, 0x16, 0x00, 0x00, 0x00, 0x71, 0xFE, 0xFF, 0xFE, 0xDB, 0xA7, 0x5E, 0x06, 0x00, 0x00,
    0x00, 0x34, 0x8B, 0xC6, 0xF6, 0xFF, 0xFF, 0xCF, 0x0A, 0x00, 0x11, 0x39, 0x11, 0x00, 0x06, 0x89,
    0xFF, 0xFF, 0x56, 0x22, 0xFF, 0xFF, 0xB2, 0x2A, 0x1F, 0x9B, 0xFF, 0xFF, 0x50, 0x00, 0x9C, 0xFF,
    0xFF, 0xFF, 0xFF, 0xFF, 0xFF, 0xCB, 0x05, 0x00, 0x02, 0x69, 0xCB, 0xF0, 0xF6, 0xD3, 0x7E, 0x0C,
    0x00, 0x00, 0x3C, 0x80, 0x80, 0x16, 0x00, 0x00, 0x00, 0x78, 0xFF, 0xFF, 0x2C, 0x00, 0x00, 0x00,
    0x78, 0xFF, 0xFF, 0x2C, 0x00, 0x00, 0xD4, 0xFF, 0xFF, 0xFF, 0xFF, 0xFF, 0x00, 0xD4, 0xFF, 0xFF,
    0xFF, 0xFF, 0xFF, 0x00, 0x10, 0x82, 0xFF, 0xFF, 0x3C, 0x14, 0x00, 0x00, 0x78, 0xFF, 0xFF, 0x2C,
    0x00, 0x00, 0x00, 0x78, 0xFF, 0xFF, 0x2C, 0x00, 0x00, 0x00, 0x78, 0xFF, 0xFF, 0x2C, 0x00, 0x00,
    0x00, 0x78, 0xFF, 0xFF, 0x2C, 0x00, 0x00, 0x00, 0x6B, 0xFF, 0xFF, 0x6F, 0x1E, 0x00, 0x00, 0x2F,
    0xFD, 0xFF, 0xFF, 0xFC, 0x0A, 0x00, 0x00, 0x5D, 0xD7, 0xF9, 0xEC, 0x2A, 0xE0, 0xFF, 0xC4, 0x00,
    0x00, 0x00, 0x90, 0xFF, 0xFF, 0x18, 0xE0, 0xFF, 0xC4, 0x00, 0x00, 0x00, 0x90, 0xFF, 0xFF, 0x18,
    0xE0, 0xFF, 0xC4, 0x00, 0x00, 0x00, 0x90, 0xFF, 0xFF, 0x18, 0xE0, 0xFF, 0xC4, 0x00, 0x00, 0x00,
    0x90, 0xFF, 0xFF, 0x18, 0xE0, 0xFF, 0xC4, 0x00, 0x00, 0x00, 0x90, 0xFF, 0xFF, 0x18, 0xE0, 0xFF,
    0xC4, 0x00, 0x00, 0x00, 0x91, 0xFF, 0xFF, 0x18, 0xD6, 0xFF, 0xE0, 0x01, 0x00, 0x00, 0xB6, 0xFF,
    0xFF, 0x18, 0xB0, 0xFF, 0xFF, 0x8E, 0x3B, 0x7C, 0xFD, 0xFF, 0xFF, 0x18, 0x41, 0xFF, 0xFF, 0xFF,
    0xFF, 0xFC, 0xA2, 0xFF, 0xFF, 0x18, 0x00, 0x52, 0xD0, 0xF6, 0xD4, 0x4E, 0x6A, 0xFF, 0xFF, 0x18,
    0x8E, 0xFF, 0xFF, 0x3C, 0x00, 0x00, 0x00, 0x68, 0xFF, 0xFF, 0x55, 0x31, 0xFF, 0xFF, 0x8D, 0x00,
    0x00, 0x00, 0xB8, 0xFF, 0xF0, 0x08, 0x00, 0xD4, 0xFF, 0xDE, 0x00, 0x00, 0x0E, 0xF9, 0xFF, 0x9B,
    0x00, 0x00, 0x77, 0xFF, 0xFF, 0x2F, 0x00, 0x57, 0xFF, 0xFF, 0x3E, 0x00, 0x00, 0x1C, 0xFD, 0xFF,
    0x81, 0x00, 0xA7, 0xFF, 0xE0, 0x01, 0x00, 0x00, 0x00, 0xBE, 0xFF, 0xCF, 0x04, 0xF0, 0xFF, 0x85,
    0x00, 0x00, 0x00, 0x00, 0x61, 0xFF, 0xFE, 0x53, 0xFF, 0xFF, 0x28, 0x00, 0x00, 0x00, 0x00, 0x0D,
    0xF6, 0xFF, 0xCB, 0xFF, 0xCB, 0x00, 0x00, 0x00, 0x00, 0x00, 0x00, 0xA7, 0xFF, 0xFF, 0xFF, 0x6E,
    0x00, 0x00, 0x00, 0x00, 0x00, 0x00, 0x4A, 0xFF, 0xFF, 0xFB, 0x16, 0x00, 0x00, 0x00, 0x97, 0xFF,
    0xFF, 0x28, 0x00, 0x00, 0xAF, 0xFF, 0xF7, 0x06, 0x00, 0x00, 0xE5, 0xFF, 0xE2, 0x4D, 0xFF, 0xFF,
    0x63, 0x00, 0x00, 0xEB, 0xFF, 0xFF, 0x3A, 0x00, 0x20, 0xFF, 0xFF, 0x97, 0x0A, 0xF7, 0xFF, 0x9D,
    0x00, 0x29, 0xFF, 0xFF, 0xFF, 0x76, 0x00, 0x5A, 0xFF, 0xFF, 0x4C, 0x00, 0xB8, 0xFF, 0xD7, 0x00,
    0x66, 0xFF, 0xDB, 0xFF, 0xB2, 0x00, 0x93, 0xFF, 0xF7, 0x0A, 0x00, 0x6E, 0xFF, 0xFE, 0x0F, 0xA5,
    0xFF, 0x6D, 0xFF, 0xEB, 0x00, 0xCB, 0xFF, 0xB6, 0x00, 0x00, 0x23, 0xFF, 0xFF, 0x42, 0xE1, 0xFF,
    0x1C, 0xD5, 0xFF, 0x2D, 0xFA, 0xFF, 0x6C, 0x00, 0x00, 0x00, 0xD9, 0xFF, 0x8D, 0xFF, 0xD9, 0x00,
    0x91, 0xFF, 0x8F, 0xFF, 0xFF, 0x21, 0x00, 0x00, 0x00, 0x8E, 0xFF, 0xED, 0xFF, 0x90, 0x00, 0x48,
    0xFF, 0xED, 0xFF, 0xD6, 0x00, 0x00, 0x00, 0x00, 0x44, 0xFF, 0xFF, 0xFF, 0x48, 0x00, 0x08, 0xF6,
    0xFF, 0xFF, 0x8B, 0x00, 0x00, 0x00, 0x00, 0x06, 0xF3, 0xFF, 0xF7, 0x09, 0x00, 0x00, 0xB5, 0xFF,
    0xFF, 0x41, 0x00, 0x00, 0x29, 0xFA, 0xFF, 0xAD, 0x00, 0x00, 0x29, 0xFB, 0xFF, 0xA1, 0x00, 0x00,
    0x8A, 0xFF, 0xFF, 0x39, 0x00, 0xB5, 0xFF, 0xEF, 0x16, 0x00, 0x00, 0x0C, 0xE3, 0xFF, 0xB9, 0x39,
    0xFF, 0xFF, 0x69, 0x00, 0x00, 0x00, 0x00, 0x56, 0xFF, 0xFF, 0xD2, 0xFF, 0xCB, 0x02, 0x00, 0x00,
    0x00, 0x00, 0x00, 0xBB, 0xFF, 0xFF, 0xFD, 0x33, 0x00, 0x00, 0x00, 0x00, 0x00, 0x03, 0xCE, 0xFF,
    0xFF, 0xFE, 0x3E, 0x00, 0x00, 0x00, 0x00, 0x00, 0x72, 0xFF, 0xF8, 0xC3, 0xFF, 0xD7, 0x06, 0x00,
    0x00, 0x00, 0x1D, 0xF3, 0xFF, 0x95, 0x32, 0xFE, 0xFF, 0x80, 0x00, 0x00, 0x00, 0xB0, 0xFF, 0xF2,
    0x18, 0x00, 0xA1, 0xFF, 0xF9, 0x28, 0x00, 0x50, 0xFF, 0xFF, 0x76, 0x00, 0x00, 0x19, 0xF2, 0xFF,
    0xC1, 0x01, 0x8E, 0xFF, 0xFF, 0x3B, 0x00, 0x00, 0x00, 0x62, 0xFF, 0xFF, 0x60, 0x31, 0xFF, 0xFF,
    0x8B, 0x00, 0x00, 0x00, 0xB4, 0xFF, 0xF5, 0x0C, 0x00, 0xD4, 0xFF, 0xDA, 0x00, 0x00, 0x0D, 0xF8,
    0xFF, 0xA3, 0x00, 0x00, 0x77, 0xFF, 0xFF, 0x2A, 0x00, 0x59, 0xFF, 0xFF, 0x44, 0x00, 0x00, 0x1C,
    0xFD, 0xFF, 0x79, 0x00, 0xAC, 0xFF, 0xE3, 0x02, 0x00, 0x00, 0x00, 0xBE, 0xFF, 0xC6, 0x07, 0xF4,
    0xFF, 0x87, 0x00, 0x00, 0x00, 0x00, 0x61, 0xFF, 0xFB, 0x51, 0xFF, 0xFF, 0x29, 0x00, 0x00, 0x00,
    0x00, 0x0D, 0xF6, 0xFF, 0xC6, 0xFF, 0xC9, 0x00, 0x00, 0x00, 0x00, 0x00, 0x00, 0xA8, 0xFF, 0xFF,
    0xFF, 0x6B, 0x00, 0x00, 0x00, 0x00, 0x00, 0x00, 0x4B, 0xFF, 0xFF, 0xF9, 0x13, 0x00, 0x00, 0x00,
    0x00, 0x00, 0x00, 0x16, 0xFF, 0xFF, 0xAE, 0x00, 0x00, 0x00, 0x00, 0x00, 0x18, 0x25, 0x81, 0xFF,
    0xFF, 0x48, 0x00, 0x00, 0x00, 0x00, 0x00, 0x93, 0xFF, 0xFF, 0xFF, 0xBD, 0x00, 0x00, 0x00, 0x00,
    0x00, 0x00, 0xB7, 0xF9, 0xE7, 0x99, 0x10, 0x00, 0x00, 0x00, 0x00, 0x00, 0xCC, 0xFF, 0xFF, 0xFF,
    0xFF, 0xFF, 0xFF, 0xFF, 0x18, 0xCC, 0xFF, 0xFF, 0xFF, 0xFF, 0xFF, 0xFF, 0xFC, 0x11, 0x0F, 0x14,
    0x14, 0x14, 0x7F, 0xFF, 0xFF, 0x7C, 0x00, 0x00, 0x00, 0x00, 0x34, 0xF9, 0xFF, 0xBE, 0x02, 0x00,
    0x00, 0x00, 0x10, 0xDE, 0xFF, 0xEB, 0x1A, 0x00, 0x00, 0x00, 0x00, 0xAF, 0xFF, 0xFE, 0x4B, 0x00,
    0x00, 0x00, 0x00, 0x71, 0xFF, 0xFF, 0x8E, 0x00, 0x00, 0x00, 0x00, 0x37, 0xFA, 0xFF, 0xD7, 0x1A,
    0x14, 0x14, 0x14, 0x05, 0xD9, 0xFF, 0xFF, 0xFF, 0xFF, 0xFF, 0xFF, 0xFF, 0x40, 0xF0, 0xFF, 0xFF,
    0xFF, 0xFF, 0xFF, 0xFF, 0xFF, 0x40, 0x00, 0x00, 0x00, 0x5F, 0xC4, 0xEC, 0x89, 0x00, 0x00, 0x5A,
    0xFF, 0xFF, 0xFF, 0x8C, 0x00, 0x00, 0xB3, 0xFF, 0xF2, 0x47, 0x0F, 0x00, 0x00, 0xCC, 0xFF, 0xAF,
    0x00, 0x00, 0x00, 0x00, 0xD0, 0xFF, 0xA4, 0x00, 0x00, 0x00, 0x00, 0xDA, 0xFF, 0xA2, 0x00, 0x00,
    0x05, 0x4E, 0xFE, 0xFF, 0x77, 0x00, 0x00, 0xC4, 0xFF, 0xF4, 0x9C, 0x0A, 0x00, 0x00, 0xC4, 0xFF,
    0xE9, 0x7E, 0x03, 0x00, 0x00, 0x14, 0x63, 0xFF, 0xFF, 0x6D, 0x00, 0x00, 0x00, 0x00, 0xDD, 0xFF,
    0xA0, 0x00, 0x00, 0x00, 0x00, 0xD0, 0xFF, 0xA4, 0x00, 0x00, 0x00, 0x00, 0xCD, 0xFF, 0xAC, 0x00,
    0x00, 0x00, 0x00, 0xB6, 0xFF, 0xEC, 0x31, 0x04, 0x00, 0x00, 0x65, 0xFF, 0xFF, 0xFF, 0x8C, 0x00,
    0x00, 0x01, 0x73, 0xD8, 0xFE, 0x8C, 0x00, 0x00, 0x00, 0x00, 0x00, 0x03, 0x08, 0xE8, 0xFF, 0x98,
    0xE8, 0xFF, 0x98, 0xE8, 0xFF, 0x98, 0xE8, 0xFF, 0x98, 0xE8, 0xFF, 0x98, 0xE8, 0xFF, 0x98, 0xE8,
    0xFF, 0x98, 0xE8, 0xFF, 0x98, 0xE8, 0xFF, 0x98, 0xE8, 0xFF, 0x98, 0xE8, 0xFF, 0x98, 0xE8, 0xFF,
    0x98, 0xE8, 0xFF, 0x98, 0xE8, 0xFF, 0x98, 0xE8, 0xFF, 0x98, 0xE8, 0xFF, 0x98, 0xE8, 0xFF, 0x98,
    0xE8, 0xFF, 0x98, 0xE8, 0xFF, 0x98, 0xE8, 0xFF, 0x98, 0xE8, 0xFF, 0x98, 0xE8, 0xFF, 0x98, 0x1B,
    0xF4, 0xDE, 0x92, 0x18, 0x00, 0x00, 0x00, 0x1C, 0xFF, 0xFF, 0xFF, 0xCA, 0x00, 0x00, 0x00, 0x02,
    0x27, 0xAF, 0xFF, 0xFF, 0x23, 0x00, 0x00, 0x00, 0x00, 0x3B, 0xFF, 0xFF, 0x3C, 0x00, 0x00, 0x00,
    0x00, 0x30, 0xFF, 0xFF, 0x40, 0x00, 0x00, 0x00, 0x00, 0x2E, 0xFF, 0xFF, 0x4C, 0x00, 0x00, 0x00,
    0x00, 0x0E, 0xF9, 0xFF, 0xB3, 0x18, 0x00, 0x00, 0x00, 0x00, 0x56, 0xDD, 0xFF, 0xFF, 0x34, 0x00,
    0x00, 0x00, 0x37, 0xBD, 0xFF, 0xFF, 0x34, 0x00, 0x00, 0x09, 0xF1, 0xFF, 0xC1, 0x2E, 0x04, 0x00,
    0x00, 0x2C, 0xFF, 0xFF, 0x4F, 0x00, 0x00, 0x00, 0x00, 0x30, 0xFF, 0xFF, 0x40, 0x00, 0x00, 0x00,
    0x00, 0x39, 0xFF, 0xFF, 0x3D, 0x00, 0x00, 0x00, 0x12, 0x9E, 0xFF, 0xFF, 0x27, 0x00, 0x00, 0x1C,
    0xFF, 0xFF, 0xFF, 0xD5, 0x00, 0x00, 0x00, 0x1C, 0xFF, 0xF2, 0xA7, 0x22, 0x00, 0x00, 0x00, 0x02,
    0x09, 0x00, 0x00, 0x00, 0x00, 0x00, 0x00, 0x00, 0x61, 0xDE, 0xEA, 0x9C, 0x0F, 0x00, 0x2C, 0xB8,
    0x94, 0x2F, 0xFE, 0xFF, 0xFF, 0xFF, 0xDA, 0x4F, 0xA7, 0xFF, 0xB7, 0x81, 0xFF, 0xCA, 0x48, 0xBC,
    0xFF, 0xFF, 0xFF, 0xFF, 0x5F, 0x68, 0xB0, 0x4F, 0x00, 0x03, 0x7F, 0xE9, 0xE9, 0x84, 0x02,
};

static const bos::GlyphData g_inter_title18_glyphs[95] = {
    { 32, 4, 0, 0, 0, 0, 0 },
    { 33, 6, 1, -13, 4, 13, 0 },
    { 34, 10, 1, -13, 8, 5, 52 },
    { 35, 12, 0, -13, 12, 13, 92 },
    { 36, 12, 0, -15, 12, 17, 248 },
    { 37, 18, 1, -13, 16, 13, 452 },
    { 38, 12, 0, -13, 12, 13, 660 },
    { 39, 6, 1, -13, 4, 5, 816 },
    { 40, 7, 1, -14, 6, 16, 836 },
    { 41, 7, 0, -14, 6, 16, 932 },
    { 42, 10, 1, -13, 8, 7, 1028 },
    { 43, 12, 1, -10, 10, 9, 1084 },
    { 44, 6, 1, -2, 4, 5, 1174 },
    { 45, 8, 1, -7, 7, 3, 1194 },
    { 46, 6, 1, -3, 4, 3, 1215 },
    { 47, 7, 0, -14, 7, 16, 1227 },
    { 48, 12, 0, -13, 12, 13, 1339 },
    { 49, 8, 0, -13, 7, 13, 1495 },
    { 50, 11, 1, -13, 10, 13, 1586 },
    { 51, 12, 0, -13, 11, 13, 1716 },
    { 52, 12, 0, -13, 12, 13, 1859 },
    { 53, 11, 0, -13, 11, 13, 2015 },
    { 54, 12, 0, -13, 11, 13, 2158 },
    { 55, 10, 0, -13, 10, 13, 2301 },
    { 56, 12, 0, -13, 11, 13, 2431 },
    { 57, 12, 0, -13, 11, 13, 2574 },
    { 58, 6, 1, -10, 4, 10, 2717 },
    { 59, 6, 1, -10, 4, 13, 2757 },
    { 60, 12, 1, -11, 10, 11, 2809 },
    { 61, 12, 1, -9, 10, 7, 2919 },
    { 62, 12, 1, -11, 10, 11, 2989 },
    { 63, 10, 0, -13, 10, 13, 3099 },
    { 64, 18, 0, -13, 18, 17, 3229 },
    { 65, 13, 0, -13, 13, 13, 3535 },
    { 66, 12, 1, -13, 11, 13, 3704 },
    { 67, 13, 0, -13, 13, 13, 3847 },
    { 68, 13, 1, -13, 12, 13, 4016 },
    { 69, 11, 1, -13, 9, 13, 4172 },
    { 70, 11, 1, -13, 9, 13, 4289 },
    { 71, 14, 0, -13, 13, 13, 4406 },
    { 72, 13, 1, -13, 12, 13, 4575 },
    { 73, 5, 1, -13, 3, 13, 4731 },
    { 74, 11, 0, -13, 10, 13, 4770 },
    { 75, 13, 1, -13, 12, 13, 4900 },
    { 76, 10, 1, -13, 9, 13, 5056 },
    { 77, 17, 1, -13, 15, 13, 5173 },
    { 78, 14, 1, -13, 12, 13, 5368 },
    { 79, 14, 0, -13, 14, 13, 5524 },
    { 80, 12, 1, -13, 10, 13, 5706 },
    { 81, 14, 0, -13, 14, 14, 5836 },
    { 82, 12, 1, -13, 11, 13, 6032 },
    { 83, 12, 0, -13, 12, 13, 6175 },
    { 84, 12, 0, -13, 12, 13, 6331 },
    { 85, 13, 1, -13, 11, 13, 6487 },
    { 86, 13, 0, -13, 13, 13, 6630 },
    { 87, 19, 0, -13, 19, 13, 6799 },
    { 88, 13, 0, -13, 13, 13, 7046 },
    { 89, 13, 0, -13, 13, 13, 7215 },
    { 90, 12, 0, -13, 11, 13, 7384 },
    { 91, 7, 1, -15, 5, 17, 7527 },
    { 92, 7, 0, -14, 7, 16, 7612 },
    { 93, 7, 0, -15, 6, 17, 7724 },
    { 94, 9, 0, -13, 9, 6, 7826 },
    { 95, 9, 0, -1, 9, 3, 7880 },
    { 96, 7, 1, -14, 5, 3, 7907 },
    { 97, 10, 0, -10, 10, 10, 7922 },
    { 98, 11, 1, -13, 10, 13, 8022 },
    { 99, 11, 0, -10, 10, 10, 8152 },
    { 100, 11, 0, -13, 11, 13, 8252 },
    { 101, 11, 0, -10, 11, 10, 8395 },
    { 102, 7, 0, -13, 7, 13, 8505 },
    { 103, 11, 0, -10, 11, 14, 8596 },
    { 104, 11, 1, -13, 10, 13, 8750 },
    { 105, 5, 1, -14, 3, 14, 8880 },
    { 106, 5, -1, -14, 5, 18, 8922 },
    { 107, 10, 1, -13, 10, 13, 9012 },
    { 108, 5, 1, -13, 3, 13, 9142 },
    { 109, 16, 1, -10, 15, 10, 9181 },
    { 110, 11, 1, -10, 10, 10, 9331 },
    { 111, 11, 0, -10, 11, 10, 9431 },
    { 112, 11, 1, -10, 10, 14, 9541 },
    { 113, 11, 0, -10, 11, 14, 9681 },
    { 114, 7, 1, -11, 6, 11, 9835 },
    { 115, 10, 0, -10, 10, 10, 9901 },
    { 116, 7, 0, -13, 7, 13, 10001 },
    { 117, 11, 1, -10, 10, 10, 10092 },
    { 118, 11, 0, -10, 11, 10, 10192 },
    { 119, 15, 0, -10, 15, 10, 10302 },
    { 120, 10, 0, -10, 11, 10, 10452 },
    { 121, 11, 0, -10, 11, 14, 10562 },
    { 122, 10, 1, -10, 9, 10, 10716 },
    { 123, 8, 1, -13, 7, 17, 10806 },
    { 124, 7, 2, -18, 3, 22, 10925 },
    { 125, 8, 0, -13, 8, 17, 10991 },
    { 126, 12, 1, -7, 10, 4, 11127 },
};

static const bos::FontAsset g_font_inter_title_18 = {
    "Inter",
    bos::FontWeight::Bold,
    18,
    24,
    18,
    5,
    g_inter_title18_glyphs,
    g_inter_title18_alpha,
    sizeof(g_inter_title18_alpha)
};

static const uint8_t g_inter_caption11_alpha[4076] = {
    0x00, 0xF7, 0x1D, 0x00, 0xF3, 0x1A, 0x00, 0xF0, 0x17, 0x00, 0xED, 0x14, 0x00, 0xEA, 0x11, 0x00,
    0x00, 0x00, 0x00, 0x00, 0x00, 0x07, 0xBA, 0x1E, 0xDB, 0x2D, 0xFA, 0xD0, 0x1B, 0xEB, 0xC5, 0x11,
    0xD6, 0x00, 0x00, 0xC2, 0x0D, 0x01, 0xCE, 0x00, 0x00, 0x00, 0xCF, 0x00, 0x21, 0xAE, 0x00, 0x3C,
    0xE2, 0xF2, 0xDC, 0xE9, 0xEB, 0x9B, 0x00, 0x44, 0x8C, 0x00, 0x75, 0x5C, 0x00, 0x00, 0x68, 0x68,
    0x00, 0x9B, 0x38, 0x00, 0xA5, 0xF0, 0xE4, 0xDC, 0xF7, 0xDE, 0x35, 0x00, 0xBA, 0x16, 0x00, 0xD0,
    0x00, 0x00, 0x00, 0xD0, 0x00, 0x19, 0xBA, 0x00, 0x00, 0x00, 0x00, 0x00, 0xA4, 0x00, 0x00, 0x00,
    0x00, 0x3C, 0xCA, 0xF4, 0xE4, 0x64, 0x00, 0x0C, 0xEA, 0x28, 0xA4, 0x1C, 0xE0, 0x31, 0x17, 0xF1,
    0x0E, 0xA4, 0x00, 0x05, 0x02, 0x00, 0x84, 0xE1, 0xD8, 0x45, 0x01, 0x00, 0x00, 0x00, 0x1C, 0xC8,
    0xB9, 0xC5, 0x0D, 0x0C, 0x18, 0x00, 0xA4, 0x00, 0xAE, 0x5B, 0x32, 0xE3, 0x20, 0xA4, 0x14, 0xD5,
    0x46, 0x00, 0x6F, 0xE3, 0xF4, 0xE3, 0x7C, 0x00, 0x00, 0x00, 0x00, 0xA1, 0x00, 0x00, 0x00, 0x48,
    0xD6, 0xBB, 0x0B, 0x00, 0x00, 0xA9, 0x3E, 0x00, 0xB6, 0x26, 0x88, 0x50, 0x00, 0x5D, 0x8B, 0x00,
    0x00, 0xB3, 0x2A, 0x90, 0x4D, 0x1C, 0xC3, 0x07, 0x00, 0x00, 0x3D, 0xCF, 0xAC, 0x08, 0xB5, 0x31,
    0x00, 0x00, 0x00, 0x00, 0x00, 0x00, 0x6D, 0x7B, 0x1D, 0xC4, 0xC4, 0x1D, 0x00, 0x00, 0x26, 0xBD,
    0x03, 0x82, 0x5C, 0x5C, 0x7F, 0x00, 0x03, 0xBE, 0x25, 0x00, 0x84, 0x55, 0x55, 0x80, 0x00, 0x7C,
    0x6B, 0x00, 0x00, 0x24, 0xD0, 0xD0, 0x22, 0x00, 0x47, 0xDA, 0xDF, 0x83, 0x00, 0x00, 0x00, 0xBC,
    0x4E, 0x0A, 0xED, 0x0D, 0x00, 0x00, 0x7B, 0x6A, 0x42, 0xA6, 0x00, 0x00, 0x00, 0x2D, 0xEE, 0xB9,
    0x02, 0x00, 0x00, 0x18, 0xD9, 0x36, 0xCF, 0x4B, 0x8A, 0x67, 0x61, 0x9D, 0x00, 0x27, 0xE3, 0xD8,
    0x38, 0x45, 0xCE, 0x0B, 0x02, 0xAB, 0xEF, 0x06, 0x00, 0x80, 0xDE, 0xE1, 0xA0, 0xA3, 0x8C, 0xDB,
    0x26, 0xD0, 0x1B, 0xC5, 0x11, 0x00, 0xAC, 0x4A, 0x20, 0xDC, 0x02, 0x6A, 0x94, 0x00, 0xA6, 0x57,
    0x00, 0xC3, 0x39, 0x00, 0xCE, 0x2D, 0x00, 0xB6, 0x47, 0x00, 0x80, 0x80, 0x00, 0x29, 0xD7, 0x00,
    0x00, 0xB2, 0x46, 0x48, 0xAE, 0x00, 0x01, 0xDC, 0x22, 0x00, 0x95, 0x6B, 0x00, 0x58, 0xA6, 0x00,
    0x38, 0xC4, 0x00, 0x2A, 0xD1, 0x00, 0x44, 0xB9, 0x00, 0x7E, 0x82, 0x00, 0xD4, 0x2C, 0x43, 0xB5,
    0x00, 0x05, 0x0F, 0x9B, 0x1E, 0x15, 0x21, 0xAB, 0xD2, 0xAC, 0x75, 0x1E, 0xA1, 0xD7, 0xB0, 0x6A,
    0x08, 0x16, 0x9B, 0x1E, 0x1E, 0x00, 0x00, 0xD0, 0x18, 0x00, 0x00, 0x00, 0x00, 0xD0, 0x18, 0x00,
    0x00, 0xD1, 0xDC, 0xF9, 0xDF, 0xDC, 0x33, 0x00, 0x00, 0xD0, 0x18, 0x00, 0x00, 0x00, 0x00, 0xD0,
    0x18, 0x00, 0x00, 0x00, 0xEC, 0x1F, 0x14, 0xD7, 0x00, 0x3C, 0x8F, 0x00, 0x30, 0xDC, 0xDC, 0xDC,
    0x3D, 0x07, 0xBA, 0x20, 0x00, 0x00, 0x1E, 0x53, 0x00, 0x00, 0x72, 0x72, 0x00, 0x00, 0xB7, 0x2C,
    0x00, 0x07, 0xDC, 0x00, 0x00, 0x42, 0xA1, 0x00, 0x00, 0x88, 0x5C, 0x00, 0x00, 0xCC, 0x17, 0x00,
    0x14, 0xCF, 0x00, 0x00, 0x58, 0x8B, 0x00, 0x00, 0x9D, 0x46, 0x00, 0x00, 0x00, 0x2A, 0xCB, 0xE6,
    0xC3, 0x20, 0x00, 0x00, 0xCC, 0x51, 0x00, 0x64, 0xB9, 0x00, 0x2A, 0xD5, 0x00, 0x00, 0x01, 0xE5,
    0x19, 0x4A, 0xAF, 0x00, 0x00, 0x00, 0xC0, 0x39, 0x4B, 0xAE, 0x00, 0x00, 0x00, 0xBF, 0x39, 0x2A,
    0xD5, 0x00, 0x00, 0x01, 0xE5, 0x1A, 0x00, 0xCE, 0x51, 0x00, 0x64, 0xBE, 0x00, 0x00, 0x2C, 0xCD,
    0xE6, 0xC6, 0x23, 0x00, 0x00, 0x69, 0xF9, 0x80, 0x66, 0xB6, 0x95, 0x80, 0x20, 0x01, 0x80, 0x80,
    0x00, 0x00, 0x80, 0x80, 0x00, 0x00, 0x80, 0x80, 0x00, 0x00, 0x80, 0x80, 0x00, 0x00, 0x80, 0x80,
    0x00, 0x00, 0x80, 0x80, 0x00, 0x39, 0xD4, 0xE0, 0xB3, 0x0E, 0x09, 0xE8, 0x28, 0x00, 0x76, 0x9F,
    0x0C, 0x4B, 0x00, 0x00, 0x3E, 0xBC, 0x00, 0x00, 0x00, 0x02, 0xB7, 0x62, 0x00, 0x00, 0x00, 0x90,
    0xAB, 0x01, 0x00, 0x00, 0x7C, 0xBE, 0x08, 0x00, 0x00, 0x68, 0xC8, 0x0C, 0x00, 0x00, 0x21, 0xFD,
    0xE6, 0xDC, 0xDC, 0xCA, 0x00, 0x4D, 0xCE, 0xDC, 0xCA, 0x2E, 0x00, 0x0E, 0xD2, 0x1E, 0x00, 0x59,
    0xC1, 0x00, 0x00, 0x00, 0x00, 0x00, 0x71, 0xAB, 0x00, 0x00, 0x00, 0x52, 0xEC, 0xE1, 0x23, 0x00,
    0x00, 0x00, 0x00, 0x00, 0x5C, 0xD5, 0x02, 0x11, 0x29, 0x00, 0x00, 0x00, 0xEC, 0x1A, 0x26, 0xEA,
    0x21, 0x00, 0x47, 0xE3, 0x04, 0x00, 0x4F, 0xD8, 0xDF, 0xC9, 0x32, 0x00, 0x00, 0x00, 0x00, 0x37,
    0xFC, 0x64, 0x00, 0x00, 0x00, 0x09, 0xD2, 0xC3, 0x64, 0x00, 0x00, 0x00, 0x91, 0x79, 0x94, 0x64,
    0x00, 0x00, 0x41, 0xC5, 0x03, 0x94, 0x64, 0x00, 0x0E, 0xD6, 0x25, 0x00, 0x94, 0x64, 0x00, 0x54,
    0xED, 0xE4, 0xE4, 0xF4, 0xEE, 0x6A, 0x00, 0x00, 0x00, 0x00, 0x98, 0x64, 0x00, 0x00, 0x00, 0x00,
    0x00, 0x98, 0x64, 0x00, 0x00, 0xC7, 0xE0, 0xDC, 0xDC, 0x6E, 0x00, 0xE3, 0x13, 0x00, 0x00, 0x00,
    0x03, 0xF5, 0x00, 0x00, 0x00, 0x00, 0x1C, 0xF3, 0xBE, 0xE1, 0x9E, 0x07, 0x0A, 0x48, 0x0E, 0x09,
    0x9D, 0x9B, 0x00, 0x00, 0x00, 0x00, 0x31, 0xD7, 0x2E, 0xD6, 0x11, 0x01, 0x88, 0xA4, 0x00, 0x67,
    0xD3, 0xE4, 0xAE, 0x13, 0x00, 0x1C, 0xBD, 0xE3, 0xCD, 0x27, 0x00, 0x00, 0xB8, 0x62, 0x00, 0x4D,
    0xD3, 0x00, 0x1E, 0xD9, 0x00, 0x00, 0x00, 0x35, 0x03, 0x42, 0xB1, 0x93, 0xE1, 0xC4, 0x26, 0x00,
    0x52, 0xF9, 0x52, 0x02, 0x53, 0xE3, 0x06, 0x39, 0xD6, 0x00, 0x00, 0x00, 0xE5, 0x23, 0x05, 0xDC,
    0x3A, 0x00, 0x45, 0xE6, 0x06, 0x00, 0x2F, 0xC7, 0xE3, 0xCE, 0x37, 0x00, 0x67, 0xDC, 0xDC, 0xDC,
    0xEA, 0xB3, 0x00, 0x00, 0x00, 0x00, 0xB2, 0x69, 0x00, 0x00, 0x00, 0x31, 0xE1, 0x06, 0x00, 0x00,
    0x00, 0xB0, 0x69, 0x00, 0x00, 0x00, 0x30, 0xE1, 0x06, 0x00, 0x00, 0x00, 0xAE, 0x68, 0x00, 0x00,
    0x00, 0x2E, 0xE0, 0x06, 0x00, 0x00, 0x00, 0xAC, 0x68, 0x00, 0x00, 0x00, 0x00, 0x46, 0xCC, 0xD6,
    0xBE, 0x26, 0x00, 0x03, 0xF1, 0x24, 0x00, 0x57, 0xC1, 0x00, 0x00, 0xDB, 0x35, 0x00, 0x69, 0xA9,
    0x00, 0x00, 0x49, 0xF8, 0xF0, 0xE8, 0x25, 0x00, 0x13, 0xE1, 0x32, 0x02, 0x65, 0xCD, 0x00, 0x4B,
    0xB3, 0x00, 0x00, 0x00, 0xEF, 0x1A, 0x27, 0xE6, 0x1D, 0x00, 0x3F, 0xE9, 0x07, 0x00, 0x5C, 0xD8,
    0xDF, 0xCC, 0x39, 0x00, 0x00, 0x52, 0xD8, 0xE2, 0xB0, 0x19, 0x00, 0x21, 0xEA, 0x2A, 0x00, 0x63,
    0xB9, 0x00, 0x50, 0xB9, 0x00, 0x00, 0x06, 0xFA, 0x0F, 0x1E, 0xE9, 0x36, 0x05, 0x78, 0xFD, 0x26,
    0x00, 0x41, 0xCE, 0xDC, 0x76, 0xDB, 0x15, 0x0E, 0x2F, 0x00, 0x00, 0x0E, 0xE6, 0x00, 0x0C, 0xEF,
    0x28, 0x01, 0x8D, 0x89, 0x00, 0x00, 0x44, 0xD8, 0xE5, 0xA5, 0x0A, 0x00, 0x07, 0xBA, 0x20, 0x00,
    0x00, 0x00, 0x00, 0x00, 0x00, 0x00, 0x00, 0x00, 0x07, 0xBA, 0x20, 0x00, 0xA6, 0x3B, 0x00, 0x00,
    0x00, 0x00, 0x00, 0x00, 0x00, 0x00, 0x00, 0x00, 0xEC, 0x1F, 0x14, 0xD7, 0x00, 0x3C, 0x8F, 0x00,
    0x00, 0x00, 0x00, 0x00, 0x45, 0xC6, 0x00, 0x00, 0x42, 0xC3, 0xBF, 0x45, 0x07, 0xC1, 0xBA, 0x38,
    0x00, 0x00, 0x03, 0x7D, 0xD7, 0x78, 0x0E, 0x00, 0x00, 0x00, 0x0F, 0x80, 0xE0, 0x84, 0x00, 0x00,
    0x00, 0x00, 0x11, 0x84, 0xAB, 0xDC, 0xDC, 0xDC, 0xDC, 0x0D, 0x00, 0x00, 0x00, 0x00, 0x00, 0x00,
    0xAB, 0xDC, 0xDC, 0xDC, 0xDC, 0x0D, 0x9E, 0x68, 0x06, 0x00, 0x00, 0x00, 0x26, 0x9E, 0xDB, 0x65,
    0x05, 0x00, 0x00, 0x00, 0x1D, 0x91, 0xDC, 0x30, 0x00, 0x02, 0x56, 0xCB, 0xA1, 0x19, 0x55, 0xD7,
    0xA3, 0x25, 0x00, 0x00, 0x6D, 0x27, 0x00, 0x00, 0x00, 0x00, 0x04, 0x95, 0xE2, 0xD8, 0x3B, 0x00,
    0x67, 0xB7, 0x03, 0x29, 0xE7, 0x02, 0x1E, 0x1B, 0x00, 0x0A, 0xF8, 0x0A, 0x00, 0x00, 0x09, 0xA9,
    0xA9, 0x00, 0x00, 0x00, 0xA3, 0xA8, 0x06, 0x00, 0x00, 0x00, 0xE9, 0x18, 0x00, 0x00, 0x00, 0x00,
    0x00, 0x00, 0x00, 0x00, 0x00, 0x0B, 0xBC, 0x1B, 0x00, 0x00, 0x00, 0x00, 0x1E, 0x91, 0xD3, 0xDC,
    0xD0, 0x7E, 0x0A, 0x00, 0x00, 0x2E, 0xDE, 0x64, 0x0B, 0x00, 0x12, 0x89, 0xC7, 0x09, 0x00, 0xCA,
    0x41, 0x21, 0xC2, 0xD3, 0xB1, 0x69, 0x85, 0x7F, 0x26, 0xC8, 0x00, 0xB9, 0x43, 0x05, 0xB6, 0x70,
    0x12, 0xD5, 0x4B, 0x99, 0x01, 0xD7, 0x00, 0x00, 0x6A, 0x70, 0x00, 0xDE, 0x4F, 0x93, 0x00, 0xCF,
    0x00, 0x00, 0x6E, 0x70, 0x00, 0xDA, 0x2D, 0xBE, 0x00, 0xBF, 0x34, 0x02, 0xBB, 0x87, 0x20, 0xBD,
    0x01, 0xD5, 0x30, 0x31, 0xD4, 0xDB, 0x5D, 0xD6, 0xE1, 0x3F, 0x00, 0x3D, 0xDC, 0x4F, 0x04, 0x00,
    0x00, 0x0E, 0x00, 0x00, 0x00, 0x00, 0x2C, 0xA6, 0xDD, 0xDC, 0xD6, 0x96, 0x00, 0x00, 0x00, 0x00,
    0x0B, 0xF2, 0x8A, 0x00, 0x00, 0x00, 0x00, 0x00, 0x5C, 0xA6, 0xE2, 0x03, 0x00, 0x00, 0x00, 0x00,
    0xB9, 0x4A, 0xC1, 0x47, 0x00, 0x00, 0x00, 0x19, 0xEE, 0x07, 0x6D, 0xA6, 0x00, 0x00, 0x00, 0x73,
    0xA4, 0x00, 0x17, 0xF2, 0x0E, 0x00, 0x00, 0xD0, 0xE9, 0xE0, 0xE0, 0xF7, 0x63, 0x00, 0x2C, 0xE8,
    0x04, 0x00, 0x00, 0x58, 0xC1, 0x00, 0x8A, 0x8C, 0x00, 0x00, 0x00, 0x07, 0xEC, 0x21, 0x08, 0xFF,
    0xDC, 0xDC, 0xE0, 0x85, 0x00, 0x08, 0xFC, 0x00, 0x00, 0x0B, 0xDB, 0x30, 0x08, 0xFC, 0x00, 0x00,
    0x1F, 0xDB, 0x18, 0x08, 0xFF, 0xDC, 0xDD, 0xFC, 0x75, 0x00, 0x08, 0xFC, 0x00, 0x00, 0x1A, 0xD6,
    0x45, 0x08, 0xFC, 0x00, 0x00, 0x00, 0x78, 0x86, 0x08, 0xFC, 0x00, 0x00, 0x05, 0xB3, 0x68, 0x08,
    0xFF, 0xDC, 0xDC, 0xE2, 0x99, 0x05, 0x00, 0x06, 0x89, 0xDC, 0xE3, 0xBC, 0x2E, 0x00, 0x00, 0xA0,
    0x98, 0x09, 0x00, 0x49, 0xE7, 0x15, 0x1C, 0xE6, 0x05, 0x00, 0x00, 0x00, 0x65, 0x31, 0x4B, 0xB3,
    0x00, 0x00, 0x00, 0x00, 0x00, 0x00, 0x4C, 0xB2, 0x00, 0x00, 0x00, 0x00, 0x00, 0x00, 0x1D, 0xE6,
    0x05, 0x00, 0x00, 0x00, 0x5B, 0x2E, 0x00, 0xA2, 0x98, 0x09, 0x00, 0x46, 0xE7, 0x17, 0x00, 0x06,
    0x8A, 0xDC, 0xE3, 0xBF, 0x25, 0x00, 0x08, 0xFF, 0xDC, 0xDE, 0xDE, 0x80, 0x04, 0x00, 0x08, 0xFC,
    0x00, 0x00, 0x0F, 0xAA, 0x95, 0x00, 0x08, 0xFC, 0x00, 0x00, 0x00, 0x0D, 0xEA, 0x11, 0x08, 0xFC,
    0x00, 0x00, 0x00, 0x00, 0xC4, 0x3B, 0x08, 0xFC, 0x00, 0x00, 0x00, 0x00, 0xC6, 0x3A, 0x08, 0xFC,
    0x00, 0x00, 0x00, 0x10, 0xEC, 0x11, 0x08, 0xFC, 0x00, 0x00, 0x13, 0xB0, 0x93, 0x00, 0x08, 0xFF,
    0xDC, 0xDF, 0xDC, 0x7C, 0x03, 0x00, 0x08, 0xFF, 0xDC, 0xDC, 0xDC, 0xB9, 0x08, 0xFC, 0x00, 0x00,
    0x00, 0x00, 0x08, 0xFC, 0x00, 0x00, 0x00, 0x00, 0x08, 0xFF, 0xDC, 0xDC, 0xDC, 0x7F, 0x08, 0xFC,
    0x00, 0x00, 0x00, 0x00, 0x08, 0xFC, 0x00, 0x00, 0x00, 0x00, 0x08, 0xFC, 0x00, 0x00, 0x00, 0x00,
    0x08, 0xFF, 0xDC, 0xDC, 0xDC, 0xC3, 0x08, 0xFF, 0xDC, 0xDC, 0xDC, 0xB2, 0x08, 0xFC, 0x00, 0x00,
    0x00, 0x00, 0x08, 0xFC, 0x00, 0x00, 0x00, 0x00, 0x08, 0xFC, 0x00, 0x00, 0x00, 0x00, 0x08, 0xFF,
    0xDC, 0xDC, 0xDC, 0x60, 0x08, 0xFC, 0x00, 0x00, 0x00, 0x00, 0x08, 0xFC, 0x00, 0x00, 0x00, 0x00,
    0x08, 0xFC, 0x00, 0x00, 0x00, 0x00, 0x00, 0x07, 0x8E, 0xDD, 0xE0, 0xBA, 0x2D, 0x00, 0x00, 0xA2,
    0x97, 0x08, 0x00, 0x52, 0xE8, 0x15, 0x1C, 0xE6, 0x05, 0x00, 0x00, 0x00, 0x68, 0x34, 0x4B, 0xB3,
    0x00, 0x00, 0x00, 0x00, 0x00, 0x00, 0x4C, 0xB2, 0x00, 0x00, 0x78, 0xDC, 0xE5, 0x7B, 0x1D, 0xE6,
    0x05, 0x00, 0x00, 0x00, 0x94, 0x6F, 0x00, 0xA4, 0x98, 0x09, 0x00, 0x42, 0xE7, 0x1E, 0x00, 0x07,
    0x8C, 0xDC, 0xDC, 0xC5, 0x3A, 0x00, 0x08, 0xFC, 0x00, 0x00, 0x00, 0x00, 0xD0, 0x34, 0x08, 0xFC,
    0x00, 0x00, 0x00, 0x00, 0xD0, 0x34, 0x08, 0xFC, 0x00, 0x00, 0x00, 0x00, 0xD0, 0x34, 0x08, 0xFF,
    0xDC, 0xDC, 0xDC, 0xDC, 0xF9, 0x34, 0x08, 0xFC, 0x00, 0x00, 0x00, 0x00, 0xD0, 0x34, 0x08, 0xFC,
    0x00, 0x00, 0x00, 0x00, 0xD0, 0x34, 0x08, 0xFC, 0x00, 0x00, 0x00, 0x00, 0xD0, 0x34, 0x08, 0xFC,
    0x00, 0x00, 0x00, 0x00, 0xD0, 0x34, 0x08, 0xFC, 0x08, 0xFC, 0x08, 0xFC, 0x08, 0xFC, 0x08, 0xFC,
    0x08, 0xFC, 0x08, 0xFC, 0x08, 0xFC, 0x00, 0x00, 0x00, 0x00, 0xB4, 0x50, 0x00, 0x00, 0x00, 0x00,
    0xB4, 0x50, 0x00, 0x00, 0x00, 0x00, 0xB4, 0x50, 0x00, 0x00, 0x00, 0x00, 0xB4, 0x50, 0x00, 0x00,
    0x00, 0x00, 0xB4, 0x50, 0x57, 0x6D, 0x00, 0x00, 0xB6, 0x4D, 0x4C, 0xCB, 0x07, 0x10, 0xE4, 0x24,
    0x00, 0x8C, 0xDE, 0xDC, 0x6C, 0x00, 0x08, 0xFC, 0x00, 0x00, 0x04, 0xB4, 0x9D, 0x00, 0x08, 0xFC,
    0x00, 0x01, 0xA0, 0xAF, 0x03, 0x00, 0x08, 0xFB, 0x00, 0x8A, 0xBF, 0x07, 0x00, 0x00, 0x08, 0xF9,
    0x6A, 0xF8, 0x14, 0x00, 0x00, 0x00, 0x08, 0xFE, 0xC7, 0xAB, 0x8D, 0x00, 0x00, 0x00, 0x08, 0xFD,
    0x12, 0x0E, 0xDD, 0x47, 0x00, 0x00, 0x08, 0xFC, 0x00, 0x00, 0x38, 0xE3, 0x16, 0x00, 0x08, 0xFC,
    0x00, 0x00, 0x00, 0x7C, 0xB6, 0x01, 0x08, 0xFC, 0x00, 0x00, 0x00, 0x00, 0x08, 0xFC, 0x00, 0x00,
    0x00, 0x00, 0x08, 0xFC, 0x00, 0x00, 0x00, 0x00, 0x08, 0xFC, 0x00, 0x00, 0x00, 0x00, 0x08, 0xFC,
    0x00, 0x00, 0x00, 0x00, 0x08, 0xFC, 0x00, 0x00, 0x00, 0x00, 0x08, 0xFC, 0x00, 0x00, 0x00, 0x00,
    0x08, 0xFF, 0xE8, 0xE8, 0xE8, 0x9F, 0x08, 0xFF, 0x9D, 0x00, 0x00, 0x00, 0x00, 0xAE, 0xF8, 0x08,
    0xF0, 0xE7, 0x0D, 0x00, 0x00, 0x16, 0xE0, 0xF8, 0x08, 0xEC, 0xA5, 0x65, 0x00, 0x00, 0x74, 0x96,
    0xF8, 0x08, 0xEF, 0x49, 0xC9, 0x00, 0x00, 0xD6, 0x39, 0xF8, 0x08, 0xF0, 0x02, 0xE1, 0x2D, 0x3A,
    0xCC, 0x08, 0xF8, 0x08, 0xF0, 0x00, 0x7D, 0x89, 0x97, 0x66, 0x08, 0xF8, 0x08, 0xF0, 0x00, 0x1A,
    0xD9, 0xDA, 0x0D, 0x08, 0xF8, 0x08, 0xF0, 0x00, 0x00, 0xAF, 0x9A, 0x00, 0x08, 0xF8, 0x08, 0xFF,
    0x7C, 0x00, 0x00, 0x00, 0xB4, 0x54, 0x08, 0xF3, 0xE3, 0x26, 0x00, 0x00, 0xB4, 0x54, 0x08, 0xF6,
    0x67, 0xC0, 0x01, 0x00, 0xB4, 0x54, 0x08, 0xFF, 0x02, 0xC9, 0x64, 0x00, 0xB4, 0x54, 0x08, 0xFF,
    0x00, 0x2C, 0xE9, 0x17, 0xB4, 0x54, 0x08, 0xFF, 0x00, 0x00, 0x82, 0xA6, 0xB1, 0x54, 0x08, 0xFF,
    0x00, 0x00, 0x06, 0xD5, 0xD9, 0x54, 0x08, 0xFF, 0x00, 0x00, 0x00, 0x39, 0xFD, 0x54, 0x00, 0x06,
    0x89, 0xDC, 0xDC, 0xBC, 0x2D, 0x00, 0x00, 0xA0, 0x98, 0x09, 0x00, 0x45, 0xE3, 0x1A, 0x1C, 0xE6,
    0x05, 0x00, 0x00, 0x00, 0x85, 0x82, 0x4B, 0xB3, 0x00, 0x00, 0x00, 0x00, 0x47, 0xB3, 0x4C, 0xB2,
    0x00, 0x00, 0x00, 0x00, 0x48, 0xB2, 0x1D, 0xE6, 0x05, 0x00, 0x00, 0x00, 0x85, 0x83, 0x00, 0xA2,
    0x98, 0x09, 0x00, 0x45, 0xE4, 0x1C, 0x00, 0x06, 0x8A, 0xDC, 0xDD, 0xBD, 0x2D, 0x00, 0x08, 0xFF,
    0xDC, 0xDD, 0xDE, 0x73, 0x00, 0x08, 0xFC, 0x00, 0x00, 0x12, 0xDA, 0x3B, 0x08, 0xFC, 0x00, 0x00,
    0x00, 0x9E, 0x68, 0x08, 0xFC, 0x00, 0x00, 0x1F, 0xE1, 0x34, 0x08, 0xFF, 0xDC, 0xDD, 0xD1, 0x60,
    0x00, 0x08, 0xFC, 0x00, 0x00, 0x00, 0x00, 0x00, 0x08, 0xFC, 0x00, 0x00, 0x00, 0x00, 0x00, 0x08,
    0xFC, 0x00, 0x00, 0x00, 0x00, 0x00, 0x00, 0x06, 0x89, 0xE5, 0xEE, 0xBC, 0x2D, 0x00, 0x00, 0xA0,
    0xA7, 0x13, 0x02, 0x58, 0xE7, 0x1A, 0x1C, 0xE8, 0x08, 0x00, 0x00, 0x00, 0x8A, 0x82, 0x4B, 0xB3,
    0x00, 0x00, 0x00, 0x00, 0x48, 0xB3, 0x4C, 0xB3, 0x00, 0x00, 0x00, 0x00, 0x46, 0xB3, 0x1D, 0xE8,
    0x07, 0x02, 0x79, 0x14, 0x8A, 0x82, 0x00, 0xA2, 0xA4, 0x12, 0x53, 0xCD, 0xE9, 0x19, 0x00, 0x06,
    0x8A, 0xE6, 0xF2, 0xDB, 0x9E, 0x00, 0x00, 0x00, 0x00, 0x00, 0x00, 0x01, 0x6C, 0x16, 0x08, 0xFF,
    0xDC, 0xDD, 0xDE, 0x74, 0x00, 0x08, 0xFC, 0x00, 0x00, 0x12, 0xDB, 0x3C, 0x08, 0xFC, 0x00, 0x00,
    0x00, 0x9E, 0x68, 0x08, 0xFC, 0x00, 0x00, 0x1C, 0xDE, 0x38, 0x08, 0xFF, 0xDC, 0xDF, 0xFF, 0x6B,
    0x00, 0x08, 0xFC, 0x00, 0x00, 0xC8, 0x5D, 0x00, 0x08, 0xFC, 0x00, 0x00, 0x3F, 0xE2, 0x08, 0x08,
    0xFC, 0x00, 0x00, 0x00, 0xB5, 0x79, 0x00, 0x35, 0xCA, 0xDD, 0xD9, 0x66, 0x00, 0x0B, 0xEA, 0x2C,
    0x00, 0x19, 0xE1, 0x2E, 0x17, 0xF2, 0x11, 0x00, 0x00, 0x08, 0x03, 0x00, 0x7F, 0xE5, 0x97, 0x4B,
    0x02, 0x00, 0x00, 0x00, 0x17, 0x63, 0xBB, 0xCC, 0x0F, 0x0E, 0x1C, 0x00, 0x00, 0x00, 0xAF, 0x5C,
    0x2E, 0xE8, 0x20, 0x00, 0x1B, 0xDB, 0x41, 0x00, 0x5E, 0xD5, 0xDF, 0xDD, 0x6D, 0x00, 0x67, 0xDC,
    0xDC, 0xFE, 0xDE, 0xDC, 0x7F, 0x00, 0x00, 0x00, 0xF4, 0x10, 0x00, 0x00, 0x00, 0x00, 0x00, 0xF4,
    0x10, 0x00, 0x00, 0x00, 0x00, 0x00, 0xF4, 0x10, 0x00, 0x00, 0x00, 0x00, 0x00, 0xF4, 0x10, 0x00,
    0x00, 0x00, 0x00, 0x00, 0xF4, 0x10, 0x00, 0x00, 0x00, 0x00, 0x00, 0xF4, 0x10, 0x00, 0x00, 0x00,
    0x00, 0x00, 0xF4, 0x10, 0x00, 0x00, 0x08, 0xFC, 0x00, 0x00, 0x00, 0x00, 0xCC, 0x38, 0x08, 0xFC,
    0x00, 0x00, 0x00, 0x00, 0xCC, 0x38, 0x08, 0xFC, 0x00, 0x00, 0x00, 0x00, 0xCC, 0x38, 0x08, 0xFC,
    0x00, 0x00, 0x00, 0x00, 0xCC, 0x38, 0x08, 0xFC, 0x00, 0x00, 0x00, 0x00, 0xCC, 0x38, 0x02, 0xFA,
    0x12, 0x00, 0x00, 0x00, 0xDA, 0x2D, 0x00, 0xB0, 0x92, 0x05, 0x02, 0x67, 0xD9, 0x03, 0x00, 0x11,
    0xA1, 0xE6, 0xE6, 0xB7, 0x23, 0x00, 0x8A, 0x88, 0x00, 0x00, 0x00, 0x05, 0xED, 0x22, 0x2B, 0xE2,
    0x01, 0x00, 0x00, 0x4D, 0xC3, 0x00, 0x00, 0xCE, 0x3E, 0x00, 0x00, 0xA5, 0x66, 0x00, 0x00, 0x70,
    0x99, 0x00, 0x09, 0xEC, 0x11, 0x00, 0x00, 0x16, 0xE9, 0x06, 0x56, 0xAC, 0x00, 0x00, 0x00, 0x00,
    0xB4, 0x4C, 0xAE, 0x4F, 0x00, 0x00, 0x00, 0x00, 0x56, 0xA5, 0xE2, 0x06, 0x00, 0x00, 0x00, 0x00,
    0x07, 0xED, 0x96, 0x00, 0x00, 0x00, 0x96, 0x74, 0x00, 0x00, 0x4A, 0xFF, 0x21, 0x00, 0x00, 0xA1,
    0x6C, 0x50, 0xB7, 0x00, 0x00, 0x8E, 0xE2, 0x63, 0x00, 0x00, 0xE2, 0x26, 0x0E, 0xEF, 0x05, 0x00,
    0xD2, 0x75, 0xA6, 0x00, 0x23, 0xE0, 0x00, 0x00, 0xC5, 0x3B, 0x16, 0xDE, 0x0F, 0xE4, 0x00, 0x64,
    0x9A, 0x00, 0x00, 0x80, 0x7D, 0x58, 0x9A, 0x00, 0xC6, 0x2C, 0xA5, 0x54, 0x00, 0x00, 0x3A, 0xB9,
    0x9B, 0x55, 0x00, 0x80, 0x6A, 0xE3, 0x11, 0x00, 0x00, 0x03, 0xE0, 0xD3, 0x12, 0x00, 0x3A, 0xC7,
    0xC8, 0x00, 0x00, 0x00, 0x00, 0xAF, 0xCA, 0x00, 0x00, 0x03, 0xEF, 0x82, 0x00, 0x00, 0x32, 0xE5,
    0x15, 0x00, 0x00, 0x74, 0xB3, 0x00, 0x00, 0x7F, 0xAA, 0x00, 0x29, 0xE3, 0x17, 0x00, 0x00, 0x04,
    0xCC, 0x52, 0xC7, 0x53, 0x00, 0x00, 0x00, 0x00, 0x2A, 0xEC, 0xA4, 0x00, 0x00, 0x00, 0x00, 0x00,
    0x3A, 0xE4, 0xC2, 0x02, 0x00, 0x00, 0x00, 0x0D, 0xDA, 0x38, 0xB4, 0x77, 0x00, 0x00, 0x00, 0xA1,
    0x83, 0x00, 0x18, 0xE6, 0x2F, 0x00, 0x55, 0xCC, 0x05, 0x00, 0x00, 0x54, 0xD3, 0x07, 0x69, 0xC3,
    0x01, 0x00, 0x00, 0x49, 0xD9, 0x07, 0x02, 0xC8, 0x5F, 0x00, 0x08, 0xDB, 0x42, 0x00, 0x00, 0x30,
    0xE6, 0x0F, 0x7E, 0xA4, 0x00, 0x00, 0x00, 0x00, 0x8E, 0x9B, 0xE5, 0x16, 0x00, 0x00, 0x00, 0x00,
    0x0C, 0xE8, 0x6C, 0x00, 0x00, 0x00, 0x00, 0x00, 0x00, 0xC8, 0x40, 0x00, 0x00, 0x00, 0x00, 0x00,
    0x00, 0xC8, 0x40, 0x00, 0x00, 0x00, 0x00, 0x00, 0x00, 0xC8, 0x40, 0x00, 0x00, 0x00, 0x4B, 0xDC,
    0xDC, 0xDC, 0xDC, 0xFF, 0x30, 0x00, 0x00, 0x00, 0x00, 0x67, 0xAF, 0x00, 0x00, 0x00, 0x00, 0x21,
    0xE1, 0x17, 0x00, 0x00, 0x00, 0x01, 0xBE, 0x59, 0x00, 0x00, 0x00, 0x00, 0x6B, 0xAE, 0x00, 0x00,
    0x00, 0x00, 0x21, 0xE1, 0x17, 0x00, 0x00, 0x00, 0x01, 0xBF, 0x53, 0x00, 0x00, 0x00, 0x00, 0x43,
    0xFC, 0xDC, 0xDC, 0xDC, 0xDC, 0x3A, 0xBB, 0xDE, 0x4F, 0xC8, 0x24, 0x00, 0xC8, 0x24, 0x00, 0xC8,
    0x24, 0x00, 0xC8, 0x24, 0x00, 0xC8, 0x24, 0x00, 0xC8, 0x24, 0x00, 0xC8, 0x24, 0x00, 0xC8, 0x24,
    0x00, 0xB8, 0xDE, 0x4F, 0x57, 0x1A, 0x00, 0x00, 0x7B, 0x69, 0x00, 0x00, 0x35, 0xAE, 0x00, 0x00,
    0x02, 0xDD, 0x03, 0x00, 0x00, 0xAA, 0x39, 0x00, 0x00, 0x65, 0x7F, 0x00, 0x00, 0x1F, 0xC4, 0x00,
    0x00, 0x00, 0xD5, 0x0E, 0x00, 0x00, 0x94, 0x4F, 0x00, 0x00, 0x4F, 0x95, 0x4B, 0xDE, 0xBF, 0x00,
    0x20, 0xCC, 0x00, 0x20, 0xCC, 0x00, 0x20, 0xCC, 0x00, 0x20, 0xCC, 0x00, 0x20, 0xCC, 0x00, 0x20,
    0xCC, 0x00, 0x20, 0xCC, 0x00, 0x20, 0xCC, 0x4B, 0xDE, 0xBC, 0x00, 0x07, 0x7E, 0x1E, 0x00, 0x00,
    0x67, 0xC9, 0x96, 0x00, 0x02, 0xD4, 0x1A, 0xD4, 0x16, 0x55, 0xA0, 0x00, 0x6D, 0x84, 0xDC, 0xDC,
    0xDC, 0xDC, 0xDC, 0x03, 0x08, 0xC1, 0x10, 0x00, 0x70, 0x6F, 0x00, 0x7F, 0xDB, 0xDD, 0x8E, 0x01,
    0x19, 0x93, 0x09, 0x03, 0xC8, 0x3D, 0x00, 0x24, 0x65, 0x8A, 0xE7, 0x53, 0x42, 0xD8, 0x64, 0x3B,
    0xAD, 0x54, 0x76, 0x94, 0x00, 0x19, 0xE4, 0x54, 0x15, 0xBA, 0xE1, 0xBE, 0xB5, 0x54, 0x28, 0xD0,
    0x00, 0x00, 0x00, 0x00, 0x00, 0x28, 0xD0, 0x00, 0x00, 0x00, 0x00, 0x00, 0x28, 0xD0, 0x94, 0xD9,
    0xCE, 0x30, 0x00, 0x28, 0xFD, 0x49, 0x00, 0x50, 0xD8, 0x00, 0x28, 0xDF, 0x00, 0x00, 0x00, 0xE5,
    0x1F, 0x28, 0xE0, 0x00, 0x00, 0x00, 0xE7, 0x1E, 0x28, 0xFE, 0x49, 0x00, 0x51, 0xD8, 0x00, 0x28,
    0xC9, 0x97, 0xD9, 0xD1, 0x32, 0x00, 0x00, 0x51, 0xD5, 0xDD, 0xB2, 0x14, 0x1D, 0xE8, 0x22, 0x00,
    0x7D, 0x71, 0x61, 0xA2, 0x00, 0x00, 0x00, 0x00, 0x62, 0xA2, 0x00, 0x00, 0x00, 0x00, 0x1E, 0xE7,
    0x21, 0x00, 0x73, 0x75, 0x00, 0x52, 0xD6, 0xDC, 0xB4, 0x16, 0x00, 0x00, 0x00, 0x00, 0x14, 0xE4,
    0x00, 0x00, 0x00, 0x00, 0x14, 0xE4, 0x00, 0x5E, 0xDC, 0xD4, 0x71, 0xE4, 0x24, 0xE9, 0x1F, 0x00,
    0x8A, 0xE4, 0x64, 0xA1, 0x00, 0x00, 0x20, 0xE4, 0x63, 0xA2, 0x00, 0x00, 0x21, 0xE4, 0x24, 0xEA,
    0x1F, 0x00, 0x8B, 0xE4, 0x00, 0x60, 0xDE, 0xD6, 0x6C, 0xE4, 0x00, 0x53, 0xD8, 0xDB, 0xB2, 0x16,
    0x1E, 0xC8, 0x10, 0x00, 0x67, 0xA0, 0x62, 0xEF, 0xDC, 0xDC, 0xDD, 0xC6, 0x63, 0xA1, 0x00, 0x00,
    0x00, 0x00, 0x21, 0xEC, 0x28, 0x00, 0x71, 0x79, 0x00, 0x53, 0xD7, 0xDE, 0xC0, 0x20, 0x00, 0x4A,
    0xE0, 0xA7, 0x00, 0xAF, 0x50, 0x00, 0xC3, 0xF5, 0xE5, 0x8C, 0x00, 0xB4, 0x40, 0x00, 0x00, 0xB4,
    0x40, 0x00, 0x00, 0xB4, 0x40, 0x00, 0x00, 0xB4, 0x40, 0x00, 0x00, 0xB4, 0x40, 0x00, 0x00, 0x59,
    0xDC, 0xD5, 0x6F, 0xE4, 0x1F, 0xEA, 0x21, 0x00, 0x8A, 0xE4, 0x61, 0xA3, 0x00, 0x00, 0x21, 0xE4,
    0x65, 0x9B, 0x00, 0x00, 0x1F, 0xE4, 0x27, 0xE5, 0x1A, 0x00, 0x87, 0xE4, 0x00, 0x63, 0xE0, 0xD7,
    0x76, 0xE3, 0x05, 0x50, 0x06, 0x00, 0x49, 0xC6, 0x01, 0x85, 0xDC, 0xD8, 0xC0, 0x29, 0x28, 0xD0,
    0x00, 0x00, 0x00, 0x00, 0x28, 0xD0, 0x00, 0x00, 0x00, 0x00, 0x28, 0xD3, 0x9E, 0xDA, 0xC6, 0x1A,
    0x28, 0xF8, 0x2D, 0x00, 0x94, 0x88, 0x28, 0xD4, 0x00, 0x00, 0x52, 0xA6, 0x28, 0xD0, 0x00, 0x00,
    0x50, 0xA8, 0x28, 0xD0, 0x00, 0x00, 0x50, 0xA8, 0x28, 0xD0, 0x00, 0x00, 0x50, 0xA8, 0x25, 0xAB,
    0x00, 0x00, 0x28, 0xD0, 0x28, 0xD0, 0x28, 0xD0, 0x28, 0xD0, 0x28, 0xD0, 0x28, 0xD0, 0x00, 0x28,
    0xA9, 0x00, 0x00, 0x00, 0x00, 0x28, 0xD0, 0x00, 0x28, 0xD0, 0x00, 0x28, 0xD0, 0x00, 0x28, 0xD0,
    0x00, 0x28, 0xD0, 0x00, 0x28, 0xD0, 0x00, 0x43, 0xC5, 0x20, 0xE7, 0x56, 0x28, 0xD0, 0x00, 0x00,
    0x00, 0x00, 0x28, 0xD0, 0x00, 0x00, 0x00, 0x00, 0x28, 0xD0, 0x00, 0x1D, 0xD5, 0x40, 0x28, 0xD0,
    0x19, 0xD2, 0x45, 0x00, 0x28, 0xE1, 0xD6, 0x6B, 0x00, 0x00, 0x28, 0xF2, 0x80, 0xD9, 0x0F, 0x00,
    0x28, 0xD0, 0x00, 0x8A, 0xB2, 0x01, 0x28, 0xD0, 0x00, 0x03, 0xBD, 0x7E, 0x28, 0xD0, 0x28, 0xD0,
    0x28, 0xD0, 0x28, 0xD0, 0x28, 0xD0, 0x28, 0xD0, 0x28, 0xD0, 0x28, 0xD0, 0x28, 0xCA, 0x9E, 0xE3,
    0x7C, 0x6A, 0xD5, 0xD7, 0x32, 0x28, 0xF1, 0x1F, 0x06, 0xCC, 0x81, 0x00, 0x5A, 0xAA, 0x28, 0xD1,
    0x00, 0x00, 0xAC, 0x4C, 0x00, 0x2C, 0xC7, 0x28, 0xD0, 0x00, 0x00, 0xAC, 0x4C, 0x00, 0x2C, 0xC8,
    0x28, 0xD0, 0x00, 0x00, 0xAC, 0x4C, 0x00, 0x2C, 0xC8, 0x28, 0xD0, 0x00, 0x00, 0xAC, 0x4C, 0x00,
    0x2C, 0xC8, 0x28, 0xCA, 0x9D, 0xDF, 0xC6, 0x1A, 0x28, 0xF6, 0x2D, 0x00, 0x94, 0x88, 0x28, 0xD4,
    0x00, 0x00, 0x52, 0xA6, 0x28, 0xD0, 0x00, 0x00, 0x50, 0xA8, 0x28, 0xD0, 0x00, 0x00, 0x50, 0xA8,
    0x28, 0xD0, 0x00, 0x00, 0x50, 0xA8, 0x00, 0x51, 0xD5, 0xDD, 0xB3, 0x16, 0x00, 0x1D, 0xE8, 0x22,
    0x00, 0x78, 0xAD, 0x00, 0x61, 0xA2, 0x00, 0x00, 0x09, 0xF5, 0x01, 0x62, 0xA2, 0x00, 0x00, 0x09,
    0xF6, 0x01, 0x1E, 0xE7, 0x21, 0x00, 0x76, 0xAF, 0x00, 0x00, 0x52, 0xD6, 0xDD, 0xB3, 0x16, 0x00,
    0x28, 0xC9, 0x9A, 0xDA, 0xCE, 0x30, 0x00, 0x28, 0xFF, 0x49, 0x00, 0x50, 0xD8, 0x00, 0x28, 0xDF,
    0x00, 0x00, 0x00, 0xE5, 0x1F, 0x28, 0xE0, 0x00, 0x00, 0x00, 0xE7, 0x1E, 0x28, 0xFE, 0x49, 0x00,
    0x51, 0xD8, 0x00, 0x28, 0xD1, 0x97, 0xD9, 0xD1, 0x32, 0x00, 0x28, 0xD0, 0x00, 0x00, 0x00, 0x00,
    0x00, 0x28, 0xD0, 0x00, 0x00, 0x00, 0x00, 0x00, 0x00, 0x5E, 0xDC, 0xD6, 0x70, 0xE4, 0x24, 0xE9,
    0x1F, 0x00, 0x8B, 0xE4, 0x64, 0xA1, 0x00, 0x00, 0x20, 0xE4, 0x63, 0xA2, 0x00, 0x00, 0x21, 0xE4,
    0x24, 0xEA, 0x1F, 0x00, 0x8B, 0xE4, 0x00, 0x60, 0xDE, 0xD6, 0x74, 0xE4, 0x00, 0x00, 0x00, 0x00,
    0x14, 0xE4, 0x00, 0x00, 0x00, 0x00, 0x14, 0xE4, 0x28, 0xCC, 0xA8, 0xC9, 0x28, 0xF6, 0x26, 0x00,
    0x28, 0xD1, 0x00, 0x00, 0x28, 0xD0, 0x00, 0x00, 0x28, 0xD0, 0x00, 0x00, 0x28, 0xD0, 0x00, 0x00,
    0x00, 0x84, 0xDD, 0xDE, 0x74, 0x00, 0x2E, 0xD9, 0x07, 0x0A, 0x8C, 0x05, 0x0C, 0xD5, 0x92, 0x4E,
    0x09, 0x00, 0x00, 0x06, 0x46, 0x8E, 0xDC, 0x12, 0x30, 0x8C, 0x02, 0x0B, 0xDE, 0x33, 0x08, 0xA4,
    0xE5, 0xDE, 0x7E, 0x00, 0x00, 0x7C, 0x00, 0x00, 0x00, 0xF8, 0x00, 0x00, 0xC0, 0xFE, 0xD8, 0x2F,
    0x00, 0xF8, 0x00, 0x00, 0x00, 0xF8, 0x00, 0x00, 0x00, 0xF8, 0x00, 0x00, 0x00, 0xF4, 0x0A, 0x00,
    0x00, 0x89, 0xE2, 0x3D, 0x28, 0xD0, 0x00, 0x00, 0x50, 0xA8, 0x28, 0xD0, 0x00, 0x00, 0x50, 0xA8,
    0x28, 0xD0, 0x00, 0x00, 0x50, 0xA8, 0x27, 0xD1, 0x00, 0x00, 0x54, 0xA8, 0x0D, 0xF1, 0x1D, 0x02,
    0x9F, 0xA8, 0x00, 0x70, 0xE6, 0xCE, 0x85, 0xA8, 0x84, 0x85, 0x00, 0x00, 0x5A, 0xB2, 0x23, 0xDF,
    0x01, 0x00, 0xB4, 0x50, 0x00, 0xC1, 0x3E, 0x14, 0xE4, 0x05, 0x00, 0x60, 0x99, 0x69, 0x8C, 0x00,
    0x00, 0x0B, 0xDB, 0xBC, 0x2A, 0x00, 0x00, 0x00, 0x9D, 0xC7, 0x00, 0x00, 0x7A, 0x8A, 0x00, 0x23,
    0xFF, 0x29, 0x00, 0x8C, 0x78, 0x2C, 0xD1, 0x00, 0x6A, 0xD2, 0x6E, 0x00, 0xD2, 0x2B, 0x00, 0xDC,
    0x17, 0xAF, 0x4F, 0xB2, 0x18, 0xDD, 0x00, 0x00, 0x90, 0x5D, 0xD1, 0x00, 0xD2, 0x60, 0x90, 0x00,
    0x00, 0x42, 0xC8, 0x97, 0x00, 0x98, 0xCA, 0x43, 0x00, 0x00, 0x04, 0xEE, 0x4D, 0x00, 0x4D, 0xF1,
    0x05, 0x00, 0x36, 0xDA, 0x0A, 0x07, 0xD5, 0x3C, 0x00, 0x86, 0x85, 0x7D, 0x8D, 0x00, 0x00, 0x06,
    0xCB, 0xCC, 0x09, 0x00, 0x00, 0x0D, 0xD1, 0xCE, 0x0B, 0x00, 0x00, 0x9E, 0x75, 0x73, 0x99, 0x00,
    0x4F, 0xCA, 0x03, 0x03, 0xC8, 0x4E, 0x83, 0x86, 0x00, 0x00, 0x59, 0xB0, 0x20, 0xE1, 0x02, 0x00,
    0xB9, 0x4B, 0x00, 0xBB, 0x44, 0x1B, 0xE0, 0x02, 0x00, 0x57, 0xA2, 0x77, 0x80, 0x00, 0x00, 0x06,
    0xDC, 0xCB, 0x1D, 0x00, 0x00, 0x00, 0x91, 0xB5, 0x00, 0x00, 0x00, 0x00, 0xB1, 0x4D, 0x00, 0x00,
    0x1B, 0xD7, 0xA0, 0x01, 0x00, 0x00, 0x30, 0xDC, 0xDC, 0xDC, 0xFF, 0x44, 0x00, 0x00, 0x00, 0x70,
    0xB6, 0x01, 0x00, 0x00, 0x36, 0xDE, 0x14, 0x00, 0x00, 0x11, 0xDC, 0x3E, 0x00, 0x00, 0x00, 0xB0,
    0x7D, 0x00, 0x00, 0x00, 0x48, 0xFF, 0xDE, 0xDC, 0xDC, 0x55, 0x00, 0x00, 0x81, 0xE0, 0x06, 0x00,
    0x05, 0xE9, 0x09, 0x00, 0x00, 0x10, 0xD8, 0x00, 0x00, 0x00, 0x30, 0xC5, 0x00, 0x00, 0x30, 0xEC,
    0x45, 0x00, 0x00, 0x00, 0x37, 0xBB, 0x00, 0x00, 0x00, 0x10, 0xD8, 0x00, 0x00, 0x00, 0x0D, 0xD9,
    0x00, 0x00, 0x00, 0x00, 0xE5, 0x17, 0x00, 0x00, 0x00, 0x5E, 0xD6, 0x06, 0x98, 0x40, 0x98, 0x40,
    0x98, 0x40, 0x98, 0x40, 0x98, 0x40, 0x98, 0x40, 0x98, 0x40, 0x98, 0x40, 0x98, 0x40, 0x98, 0x40,
    0x98, 0x40, 0x98, 0x40, 0x98, 0x40, 0x4B, 0xD9, 0x40, 0x00, 0x00, 0x45, 0xAD, 0x00, 0x00, 0x24,
    0xBC, 0x00, 0x00, 0x14, 0xD7, 0x06, 0x00, 0x00, 0x89, 0xE0, 0x00, 0x0C, 0xDB, 0x0A, 0x00, 0x24,
    0xBC, 0x00, 0x00, 0x25, 0xB9, 0x00, 0x00, 0x5C, 0x9C, 0x00, 0x4B, 0xC5, 0x28, 0x00, 0x00, 0x8B,
    0xDD, 0x99, 0x10, 0x77, 0x35, 0x05, 0xA3, 0x05, 0x6B, 0xD6, 0xB8, 0x0D,
};

static const bos::GlyphData g_inter_caption11_glyphs[95] = {
    { 32, 3, 0, 0, 0, 0, 0 },
    { 33, 3, 0, -8, 3, 8, 0 },
    { 34, 5, 1, -8, 3, 3, 24 },
    { 35, 7, 0, -8, 7, 8, 33 },
    { 36, 7, 0, -9, 7, 10, 89 },
    { 37, 11, 1, -8, 9, 8, 159 },
    { 38, 7, 0, -8, 7, 8, 231 },
    { 39, 3, 1, -8, 2, 3, 287 },
    { 40, 4, 1, -9, 3, 10, 293 },
    { 41, 4, 0, -9, 3, 10, 323 },
    { 42, 6, 0, -8, 5, 4, 353 },
    { 43, 7, 1, -6, 6, 5, 373 },
    { 44, 3, 0, -1, 3, 3, 403 },
    { 45, 5, 0, -4, 5, 1, 412 },
    { 46, 3, 0, -1, 3, 1, 417 },
    { 47, 4, 0, -9, 4, 10, 420 },
    { 48, 7, 0, -8, 7, 8, 460 },
    { 49, 4, 0, -8, 4, 8, 516 },
    { 50, 7, 0, -8, 6, 8, 548 },
    { 51, 7, 0, -8, 7, 8, 596 },
    { 52, 7, 0, -8, 7, 8, 652 },
    { 53, 7, 0, -8, 6, 8, 708 },
    { 54, 7, 0, -8, 7, 8, 756 },
    { 55, 6, 0, -8, 6, 8, 812 },
    { 56, 7, 0, -8, 7, 8, 860 },
    { 57, 7, 0, -8, 7, 8, 916 },
    { 58, 3, 0, -5, 3, 5, 972 },
    { 59, 3, 0, -5, 3, 7, 987 },
    { 60, 7, 0, -6, 6, 6, 1008 },
    { 61, 7, 1, -4, 6, 3, 1044 },
    { 62, 7, 1, -6, 6, 6, 1062 },
    { 63, 6, 0, -8, 6, 8, 1098 },
    { 64, 11, 0, -8, 10, 10, 1146 },
    { 65, 8, 0, -8, 8, 8, 1246 },
    { 66, 7, 0, -8, 7, 8, 1310 },
    { 67, 8, 0, -8, 8, 8, 1366 },
    { 68, 8, 0, -8, 8, 8, 1430 },
    { 69, 7, 0, -8, 6, 8, 1494 },
    { 70, 6, 0, -8, 6, 8, 1542 },
    { 71, 8, 0, -8, 8, 8, 1590 },
    { 72, 8, 0, -8, 8, 8, 1654 },
    { 73, 3, 0, -8, 2, 8, 1718 },
    { 74, 6, 0, -8, 6, 8, 1734 },
    { 75, 7, 0, -8, 8, 8, 1782 },
    { 76, 6, 0, -8, 6, 8, 1846 },
    { 77, 10, 0, -8, 9, 8, 1894 },
    { 78, 8, 0, -8, 8, 8, 1966 },
    { 79, 8, 0, -8, 8, 8, 2030 },
    { 80, 7, 0, -8, 7, 8, 2094 },
    { 81, 8, 0, -8, 8, 9, 2150 },
    { 82, 7, 0, -8, 7, 8, 2222 },
    { 83, 7, 0, -8, 7, 8, 2278 },
    { 84, 7, 0, -8, 7, 8, 2334 },
    { 85, 8, 0, -8, 8, 8, 2390 },
    { 86, 8, 0, -8, 8, 8, 2454 },
    { 87, 11, 0, -8, 11, 8, 2518 },
    { 88, 8, 0, -8, 8, 8, 2606 },
    { 89, 7, 0, -8, 8, 8, 2670 },
    { 90, 7, 0, -8, 7, 8, 2734 },
    { 91, 4, 1, -8, 3, 10, 2790 },
    { 92, 4, 0, -9, 4, 10, 2820 },
    { 93, 4, 0, -8, 3, 10, 2860 },
    { 94, 5, 0, -8, 5, 4, 2890 },
    { 95, 5, 0, 0, 6, 1, 2910 },
    { 96, 4, 0, -9, 3, 2, 2916 },
    { 97, 6, 0, -6, 6, 6, 2922 },
    { 98, 7, 0, -8, 7, 8, 2958 },
    { 99, 6, 0, -6, 6, 6, 3014 },
    { 100, 7, 0, -8, 6, 8, 3050 },
    { 101, 6, 0, -6, 6, 6, 3098 },
    { 102, 4, 0, -8, 4, 8, 3134 },
    { 103, 7, 0, -6, 6, 8, 3166 },
    { 104, 6, 0, -8, 6, 8, 3214 },
    { 105, 3, 0, -8, 2, 8, 3262 },
    { 106, 3, -1, -8, 3, 10, 3278 },
    { 107, 6, 0, -8, 6, 8, 3308 },
    { 108, 3, 0, -8, 2, 8, 3356 },
    { 109, 10, 0, -6, 9, 6, 3372 },
    { 110, 6, 0, -6, 6, 6, 3426 },
    { 111, 7, 0, -6, 7, 6, 3462 },
    { 112, 7, 0, -6, 7, 8, 3504 },
    { 113, 7, 0, -6, 6, 8, 3560 },
    { 114, 4, 0, -6, 4, 6, 3608 },
    { 115, 6, 0, -6, 6, 6, 3632 },
    { 116, 4, 0, -8, 4, 8, 3668 },
    { 117, 6, 0, -6, 6, 6, 3700 },
    { 118, 6, 0, -6, 6, 6, 3736 },
    { 119, 9, 0, -6, 9, 6, 3772 },
    { 120, 6, 0, -6, 6, 6, 3826 },
    { 121, 6, 0, -6, 6, 8, 3862 },
    { 122, 6, 0, -6, 6, 6, 3910 },
    { 123, 5, 0, -8, 5, 10, 3946 },
    { 124, 4, 1, -10, 2, 13, 3996 },
    { 125, 5, 0, -8, 4, 10, 4022 },
    { 126, 7, 0, -4, 7, 2, 4062 },
};

static const bos::FontAsset g_font_inter_caption_11 = {
    "Inter",
    bos::FontWeight::Regular,
    11,
    15,
    11,
    3,
    g_inter_caption11_glyphs,
    g_inter_caption11_alpha,
    sizeof(g_inter_caption11_alpha)
};

}} // namespace bos::font_data

#endif // THIRD_PARTY_FONTS_INTER_FONT_DATA_HPP
